/* GENERATED by gen_blobs.py -- do not edit.
 *
 * Contains ONLY the port's own 6502 code and POSITIONAL tables.  No Nintendo
 * data: the game image is derived from the user's PRG by applying three rules
 * at the offsets below (measured, zero unexplained bytes).
 */
#ifndef A2VERA_BLOBS_H
#define A2VERA_BLOBS_H

static const unsigned char blob_boot1[897] = {
    0x04,0xAD,0x36,0xC0,0x29,0x7F,0x8D,0x36,0xC0,0xA5,0x2B,0x8D,0x8E,0x08,0xA9,0x00,
    0x85,0x09,0xA0,0x00,0xA9,0xFF,0x99,0x00,0x80,0xC8,0xD0,0xFA,0xA0,0x00,0xB9,0x8F,
    0x08,0xAA,0x98,0x9D,0x00,0x80,0xC8,0xC0,0x40,0xD0,0xF3,0xAE,0x8E,0x08,0xBD,0x8A,
    0xC0,0xBD,0x89,0xC0,0xA0,0x10,0x20,0xC5,0x09,0x88,0xD0,0xFA,0xA9,0x1C,0x85,0x16,
    0xA9,0x00,0x85,0x17,0xA9,0x00,0x85,0x14,0xA9,0x8C,0x85,0x27,0x20,0x3C,0x0B,0xA9,
    0x00,0x85,0x2A,0x20,0x36,0x09,0x4C,0x00,0x90,0x85,0x00,0x86,0x01,0xA0,0x00,0xB1,
    0x00,0xF0,0x0A,0x09,0x80,0x99,0x00,0x05,0xC8,0xC0,0x28,0x90,0xF2,0x60,0xA2,0x60,
    0xAD,0x30,0xC0,0xA0,0xC0,0x88,0xD0,0xFD,0xCA,0xD0,0xF5,0x60,0x4C,0x44,0x52,0x20,
    0x44,0x53,0x4B,0x45,0x52,0x20,0x54,0x30,0x30,0x20,0x53,0x30,0x30,0x00,0x00,0x96,
    0x97,0x9A,0x9B,0x9D,0x9E,0x9F,0xA6,0xA7,0xAB,0xAC,0xAD,0xAE,0xAF,0xB2,0xB3,0xB4,
    0xB5,0xB6,0xB7,0xB9,0xBA,0xBB,0xBC,0xBD,0xBE,0xBF,0xCB,0xCD,0xCE,0xCF,0xD3,0xD6,
    0xD7,0xD9,0xDA,0xDB,0xDC,0xDD,0xDE,0xDF,0xE5,0xE6,0xE7,0xE9,0xEA,0xEB,0xEC,0xED,
    0xEE,0xEF,0xF2,0xF3,0xF4,0xF5,0xF6,0xF7,0xF9,0xFA,0xFB,0xFC,0xFD,0xFE,0xFF,0xA0,
    0x00,0xA5,0x2A,0x20,0xED,0x08,0xA0,0x04,0xA5,0x2E,0x20,0xED,0x08,0xA9,0x7C,0xA2,
    0x08,0x20,0x59,0x08,0x20,0x6E,0x08,0x20,0x6E,0x08,0x4C,0xEA,0x08,0x48,0x4A,0x4A,
    0x4A,0x4A,0x20,0x01,0x09,0x99,0x87,0x08,0xC8,0x68,0x20,0x01,0x09,0x99,0x87,0x08,
    0x60,0x29,0x0F,0x09,0x30,0xC9,0x3A,0x90,0x02,0x69,0x06,0x60,0x00,0xEA,0xEA,0xEA,
    0xEA,0xEA,0xEA,0xEA,0xEA,0xEA,0xEA,0xEA,0xEA,0xEA,0xEA,0xEA,0xEA,0xEA,0xEA,0xEA,
    0xEA,0xEA,0xEA,0xEA,0xEA,0xEA,0xEA,0xEA,0xEA,0xEA,0xEA,0xEA,0xEA,0xEA,0xEA,0xEA,
    0xEA,0xEA,0xEA,0xEA,0xEA,0xEA,0xA5,0x2A,0x0A,0x85,0x0A,0xC5,0x09,0xF0,0x43,0xA9,
    0x00,0x85,0x12,0xA5,0x09,0x85,0x13,0x38,0xE5,0x0A,0xF0,0x31,0xB0,0x06,0x49,0xFF,
    0xE6,0x09,0x90,0x04,0x69,0xFE,0xC6,0x09,0xC5,0x12,0x90,0x02,0xA5,0x12,0xC9,0x0C,
    0xB0,0x01,0xA8,0x38,0x20,0x95,0x09,0xB9,0xAD,0x09,0x20,0xA2,0x09,0xA5,0x13,0x18,
    0x20,0x97,0x09,0xB9,0xB9,0x09,0x20,0xA2,0x09,0xE6,0x12,0xD0,0xC6,0xA9,0x00,0x20,
    0xA2,0x09,0x60,0xA9,0x50,0x85,0x09,0xA9,0x00,0x85,0x2A,0x20,0x36,0x09,0xA5,0x14,
    0x85,0x2A,0x4C,0x36,0x09,0xA5,0x09,0x29,0x03,0x2A,0x0D,0x8E,0x08,0xAA,0xBD,0x80,
    0xC0,0x60,0xA2,0x11,0xCA,0xD0,0xFD,0x38,0xE9,0x01,0xD0,0xF6,0x60,0x01,0x30,0x28,
    0x24,0x20,0x1E,0x1D,0x1C,0x1C,0x1C,0x1C,0x1C,0x70,0x2C,0x26,0x22,0x1F,0x1E,0x1D,
    0x1C,0x1C,0x1C,0x1C,0x1C,0xA2,0xC8,0xCA,0xD0,0xFD,0x60,0xAE,0x8E,0x08,0xBD,0x8E,
    0xC0,0xA9,0x00,0x85,0x0A,0xA9,0xE0,0x85,0x0B,0xE6,0x0A,0xD0,0x07,0xE6,0x0B,0xD0,
    0x03,0x4C,0xA9,0x0A,0xBD,0x8C,0xC0,0x10,0xFB,0xC9,0xD5,0xD0,0xEC,0xEA,0xBD,0x8C,
    0xC0,0x10,0xFB,0xC9,0xAA,0xD0,0xF2,0xEA,0xBD,0x8C,0xC0,0x10,0xFB,0xC9,0x96,0xD0,
    0xE8,0x20,0xAB,0x0A,0x85,0x0E,0x20,0xAB,0x0A,0xC5,0x2A,0xD0,0xCC,0x45,0x0E,0x85,
    0x0E,0x20,0xAB,0x0A,0xC5,0x2E,0xD0,0xC1,0x45,0x0E,0x85,0x0E,0x20,0xAB,0x0A,0xC5,
    0x0E,0xD0,0xB6,0xA0,0x40,0x88,0xD0,0x03,0x4C,0xA9,0x0A,0xBD,0x8C,0xC0,0x10,0xFB,
    0xC9,0xD5,0xD0,0xF1,0xEA,0xBD,0x8C,0xC0,0x10,0xFB,0xC9,0xAA,0xD0,0xF2,0xEA,0xBD,
    0x8C,0xC0,0x10,0xFB,0xC9,0xAD,0xD0,0xE8,0xA9,0x00,0xA8,0x84,0x0D,0xBC,0x8C,0xC0,
    0x10,0xFB,0x59,0x00,0x80,0xA4,0x0D,0x99,0x00,0x81,0xC8,0x84,0x0D,0xC0,0x56,0xD0,
    0xEC,0xA0,0x00,0x84,0x0D,0xBC,0x8C,0xC0,0x10,0xFB,0x59,0x00,0x80,0xA4,0x0D,0x91,
    0x26,0xC8,0x84,0x0D,0xD0,0xEF,0xBC,0x8C,0xC0,0x10,0xFB,0xD9,0x00,0x80,0xD0,0x29,
    0xBC,0x8C,0xC0,0x10,0xFB,0xC0,0xDE,0xD0,0x20,0xBC,0x8C,0xC0,0x10,0xFB,0xC0,0xAA,
    0xD0,0x17,0xA5,0x27,0x8D,0xC5,0x0A,0x8D,0xC9,0x0A,0x8D,0xCD,0x0A,0x8D,0xD1,0x0A,
    0x8D,0xD9,0x0A,0x8D,0xDD,0x0A,0x4C,0xBD,0x0A,0x38,0x60,0xBD,0x8C,0xC0,0x10,0xFB,
    0x0A,0x09,0x01,0x85,0x0D,0xBD,0x8C,0xC0,0x10,0xFB,0x25,0x0D,0x60,0xA2,0x55,0xBD,
    0x00,0x81,0x4A,0x3E,0x00,0xF0,0x4A,0x3E,0x00,0xF0,0x4A,0x3E,0x56,0xF0,0x4A,0x3E,
    0x56,0xF0,0xE0,0x54,0xB0,0x08,0x4A,0x3E,0xAC,0xF0,0x4A,0x3E,0xAC,0xF0,0xCA,0x10,
    0xDE,0x18,0x60,0x00,0x02,0x04,0x06,0x08,0x0A,0x0C,0x0E,0x01,0x03,0x05,0x07,0x09,
    0x0B,0x0D,0x0F,0x00,0x00,0x00,0xA9,0x00,0x8D,0xF5,0x0A,0xAE,0xF5,0x0A,0xE0,0x10,
    0xF0,0x39,0xBD,0xE3,0x0A,0xCD,0xF4,0x0A,0xB0,0x2B,0x85,0x2E,0x18,0x6D,0xF3,0x0A,
    0x85,0x27,0xA9,0x00,0x85,0x26,0xA9,0x10,0x8D,0x0C,0x09,0x20,0xCB,0x09,0x90,0x15,
    0xCE,0x0C,0x09,0xD0,0x03,0x4C,0xCF,0x08,0xAD,0x0C,0x09,0x29,0x03,0xD0,0xEC,0x20,
    0x83,0x09,0x4C,0x1B,0x0B,0xEE,0xF5,0x0A,0x4C,0xFB,0x0A,0x60,0xA5,0x27,0x8D,0xF3,
    0x0A,0xA5,0x14,0x85,0x2A,0x20,0x36,0x09,0xA5,0x17,0xD0,0x0C,0xA5,0x16,0xC9,0x10,
    0xB0,0x06,0x8D,0xF4,0x0A,0x4C,0x5D,0x0B,0xA9,0x10,0x8D,0xF4,0x0A,0x20,0xF6,0x0A,
    0xA5,0x16,0x38,0xED,0xF4,0x0A,0x85,0x16,0xB0,0x02,0xC6,0x17,0xA5,0x16,0x05,0x17,
    0xF0,0x0E,0xAD,0xF3,0x0A,0x18,0x69,0x10,0x8D,0xF3,0x0A,0xE6,0x14,0x4C,0x41,0x0B,
    0x60,
};

static const unsigned char blob_resident[6144] = {
    0xA5,0x2B,0x8D,0xCF,0x9A,0x20,0xBF,0x95,0x20,0x6E,0x9B,0xA9,0x00,0x85,0x09,0xA0,
    0x00,0xA9,0xFF,0x99,0x00,0x8A,0xC8,0xD0,0xFA,0xA0,0x00,0xB9,0x60,0x91,0xAA,0x98,
    0x9D,0x00,0x8A,0xC8,0xC0,0x40,0xD0,0xF3,0xAE,0xCF,0x9A,0xBD,0x8A,0xC0,0xBD,0x89,
    0xC0,0xA0,0x80,0x20,0x3D,0x9D,0x88,0xD0,0xFA,0x4C,0x52,0x90,0xEA,0xEA,0xEA,0xEA,
    0xEA,0xEA,0xEA,0xEA,0xEA,0xEA,0xEA,0xEA,0xEA,0xEA,0xEA,0xEA,0xEA,0xEA,0xEA,0xEA,
    0xEA,0xEA,0x20,0x7C,0x9B,0x20,0x44,0xA2,0xA9,0x83,0x85,0x06,0xA9,0x9E,0x85,0x07,
    0x20,0x5B,0x9E,0x20,0x7D,0x9A,0xA9,0xE5,0xA2,0xA4,0x20,0x54,0x9B,0x20,0xED,0x9B,
    0xA9,0xF4,0xA2,0xA4,0x20,0x54,0x9B,0x20,0x9B,0xA5,0xA9,0xEA,0xA2,0xA4,0x20,0x54,
    0x9B,0x20,0x11,0x9C,0xA9,0xEF,0xA2,0xA4,0x20,0x54,0x9B,0x20,0x2C,0x9C,0xA9,0x3F,
    0x85,0x06,0xA9,0x9F,0x85,0x07,0x20,0x5B,0x9E,0x20,0xFF,0xB9,0x20,0x43,0xF9,0x20,
    0xA7,0xF8,0xA9,0xF9,0xA2,0xA4,0x20,0x54,0x9B,0xAE,0xCF,0x9A,0xBD,0x88,0xC0,0xA9,
    0x0A,0x85,0x00,0xA9,0xFA,0x85,0x01,0xA2,0x00,0xA0,0x00,0xB1,0x00,0x9D,0x00,0x88,
    0xC8,0xB1,0x00,0x9D,0x00,0x89,0xC8,0xB1,0x00,0x18,0x69,0x04,0x9D,0x00,0x8A,0xA5,
    0x00,0x18,0x69,0x03,0x85,0x00,0x90,0x02,0xE6,0x01,0xE8,0xD0,0xDC,0xA9,0xFF,0xA2,
    0x00,0x9D,0x00,0x8B,0xE8,0xD0,0xFA,0x20,0x8F,0xF9,0xA9,0x4C,0x8D,0xAE,0x10,0xA9,
    0x00,0x8D,0xAF,0x10,0xA9,0xA8,0x8D,0xB0,0x10,0xA9,0x4C,0x8D,0x57,0x08,0xA9,0xA0,
    0x8D,0x58,0x08,0xA9,0x91,0x8D,0x59,0x08,0xA9,0x4C,0x8D,0x5C,0x16,0xA9,0xF7,0x8D,
    0x5D,0x16,0xA9,0x95,0x8D,0x5E,0x16,0xA9,0x4C,0x8D,0xDD,0x16,0xA9,0x76,0x8D,0xDE,
    0x16,0xA9,0xF5,0x8D,0xDF,0x16,0xA9,0x20,0x8D,0xF6,0x46,0xA9,0xB2,0x8D,0xF7,0x46,
    0xA9,0xA8,0x8D,0xF8,0x46,0xA9,0x00,0x8D,0x24,0x0A,0xA9,0x4C,0x8D,0xFF,0x0E,0xA9,
    0x5B,0x8D,0x00,0x0F,0xA9,0xB2,0x8D,0x01,0x0F,0xA9,0x4C,0x8D,0x19,0x16,0xA9,0xC1,
    0x8D,0x1A,0x16,0xA9,0xF8,0x8D,0x1B,0x16,0xA9,0xC0,0x8D,0x02,0xFE,0x4C,0xDC,0x95,
    0x96,0x97,0x9A,0x9B,0x9D,0x9E,0x9F,0xA6,0xA7,0xAB,0xAC,0xAD,0xAE,0xAF,0xB2,0xB3,
    0xB4,0xB5,0xB6,0xB7,0xB9,0xBA,0xBB,0xBC,0xBD,0xBE,0xBF,0xCB,0xCD,0xCE,0xCF,0xD3,
    0xD6,0xD7,0xD9,0xDA,0xDB,0xDC,0xDD,0xDE,0xDF,0xE5,0xE6,0xE7,0xE9,0xEA,0xEB,0xEC,
    0xED,0xEE,0xEF,0xF2,0xF3,0xF4,0xF5,0xF6,0xF7,0xF9,0xFA,0xFB,0xFC,0xFD,0xFE,0xFF,
    0x4C,0xB3,0x91,0xEA,0xEA,0xEA,0xEA,0xEA,0xEA,0xEA,0xEA,0xEA,0xEA,0xEA,0xEA,0xEA,
    0xEA,0xEA,0xEA,0xAD,0x02,0xFE,0x09,0x80,0x49,0x40,0x8D,0x02,0xFE,0xA9,0x00,0x8D,
    0x22,0x07,0xAD,0x5C,0x16,0x2D,0xDD,0x16,0xC9,0x4C,0xF0,0x03,0x20,0x60,0x94,0xEA,
    0xEA,0xEA,0x20,0xE3,0x94,0x20,0xB7,0xF4,0xEA,0xEA,0xEA,0xEA,0xEA,0xEA,0xEA,0xEA,
    0xEA,0xEA,0xEA,0xEA,0xEA,0xEA,0xAD,0x70,0x07,0xD0,0x26,0xAD,0x1A,0x07,0xD0,0x07,
    0xAD,0x1C,0x07,0xC9,0x05,0x90,0x15,0xAD,0x6A,0x93,0xD0,0x15,0xAD,0x09,0x00,0x29,
    0xFE,0x8D,0x09,0x00,0xA9,0x01,0x8D,0x6A,0x93,0x4C,0x11,0x92,0xA9,0x00,0x8D,0x6A,
    0x93,0xA9,0x92,0x48,0xA9,0x1B,0x48,0x08,0x4C,0x82,0x08,0x20,0xC5,0x94,0x4C,0x25,
    0x92,0xEA,0xEA,0xEA,0xEA,0xAD,0x74,0x07,0xF0,0x04,0xA9,0x61,0xD0,0x02,0xA9,0x71,
    0x8D,0x09,0xC4,0xEA,0xEA,0xA9,0x00,0x8D,0x69,0x93,0x4C,0x16,0x94,0xEA,0xEA,0xEA,
    0xEA,0xEA,0xEA,0xEA,0xEA,0xEA,0xEA,0xEA,0xEA,0xEA,0xEA,0xEA,0xEA,0xEA,0xEA,0xEA,
    0xEA,0xEA,0xEA,0xEA,0xEA,0x4C,0x5F,0x92,0xEA,0xEA,0xEA,0xEA,0xEA,0xEA,0xEA,0xAD,
    0x70,0x07,0xF0,0x0D,0xC9,0x01,0xD0,0x0E,0xAD,0x72,0x07,0xC9,0x03,0x90,0x07,0xB0,
    0x0B,0xAD,0x3F,0x07,0xD0,0x06,0x20,0xF0,0xF8,0x4C,0x7F,0x92,0x20,0x15,0xF9,0x4C,
    0xA0,0x91,0xEA,0xEA,0xEA,0xEA,0xEA,0xEA,0xEA,0xEA,0xEA,0xEA,0xEA,0xEA,0x00,0xEA,
    0xEA,0xEA,0xEA,0xEA,0xEA,0xEA,0xEA,0xEA,0xEA,0xEA,0xEA,0xEA,0xEA,0xEA,0xEA,0xEA,
    0xEA,0xEA,0xEA,0xEA,0xEA,0xEA,0xEA,0xEA,0xEA,0xEA,0xEA,0xEA,0xEA,0xEA,0xEA,0xEA,
    0xEA,0xEA,0xEA,0xEA,0xEA,0xEA,0xEA,0xEA,0xEA,0xEA,0xEA,0xEA,0xEA,0xEA,0xEA,0xEA,
    0xEA,0xEA,0xEA,0xEA,0xEA,0xEA,0xEA,0xEA,0xEA,0xEA,0xEA,0xEA,0xEA,0xEA,0xEA,0xEA,
    0xEA,0xEA,0xEA,0xEA,0xEA,0xEA,0xEA,0xEA,0xEA,0xEA,0xEA,0xEA,0xEA,0xEA,0xEA,0xEA,
    0xEA,0xEA,0xEA,0xEA,0xEA,0xEA,0xEA,0xEA,0xEA,0xEA,0xEA,0xEA,0xEA,0xEA,0xEA,0xEA,
    0xEA,0xEA,0xEA,0xEA,0xEA,0xEA,0xEA,0xEA,0xEA,0xEA,0xEA,0xEA,0xEA,0xEA,0xEA,0xEA,
    0xEA,0xEA,0xEA,0xEA,0xEA,0xEA,0xEA,0xEA,0xEA,0xEA,0xEA,0xEA,0xEA,0xEA,0xEA,0xEA,
    0xEA,0xEA,0xEA,0xEA,0xEA,0xEA,0xEA,0xEA,0xEA,0xEA,0xEA,0xEA,0xEA,0xEA,0xEA,0xEA,
    0xEA,0xEA,0xEA,0xEA,0xEA,0xEA,0xEA,0xEA,0xEA,0xEA,0xEA,0xEA,0xEA,0xEA,0xEA,0xEA,
    0xEA,0xEA,0xEA,0xEA,0xEA,0xEA,0xEA,0xEA,0xEA,0xEA,0xEA,0xEA,0xEA,0xEA,0xEA,0xEA,
    0xEA,0xEA,0xEA,0xEA,0xEA,0xEA,0xEA,0xEA,0xEA,0xEA,0xEA,0xEA,0xEA,0xEA,0xEA,0xEA,
    0xEA,0xEA,0xEA,0xEA,0xAD,0x07,0xC4,0x29,0x01,0xF0,0x0B,0x8D,0x07,0xC4,0x8D,0x67,
    0x93,0xEE,0x15,0x94,0xEA,0xEA,0x60,0x00,0x00,0x00,0x00,0xEA,0xEA,0xEA,0xEA,0xEA,
    0xEA,0xEA,0xEA,0xEA,0xEA,0xEA,0xEA,0xEA,0xEA,0xEA,0xEA,0xEA,0xEA,0xEA,0xEA,0xEA,
    0xEA,0xEA,0xEA,0xEA,0xEA,0xEA,0xEA,0xEA,0xEA,0xEA,0xEA,0xEA,0xEA,0xEA,0xEA,0xEA,
    0xEA,0xEA,0xEA,0xEA,0xEA,0xEA,0xEA,0xEA,0xEA,0xEA,0xEA,0xEA,0xEA,0xEA,0xEA,0xEA,
    0xEA,0xEA,0xEA,0xEA,0xEA,0xEA,0xEA,0xEA,0xEA,0xEA,0xEA,0xEA,0xEA,0xEA,0xEA,0xEA,
    0xEA,0xEA,0xEA,0xEA,0xEA,0xEA,0xEA,0xEA,0xEA,0xEA,0xEA,0xEA,0xEA,0xEA,0xEA,0xEA,
    0xEA,0xEA,0xEA,0xEA,0xEA,0xEA,0xEA,0xEA,0xEA,0xEA,0xEA,0xEA,0xEA,0xEA,0xEA,0xEA,
    0xEA,0xEA,0xEA,0xEA,0xEA,0xEA,0xEA,0xEA,0x00,0x00,0x00,0x00,0x00,0x00,0x00,0x00,
    0x00,0x00,0x00,0x00,0x00,0x00,0x00,0x00,0x20,0x00,0xE0,0xCE,0x15,0x94,0xAD,0x15,
    0x94,0x30,0x1C,0xF0,0x19,0xC9,0x04,0xB0,0x16,0xAD,0x70,0x07,0xF0,0x10,0xAD,0xB1,
    0x07,0x05,0xFC,0xD0,0x09,0x20,0xD0,0x7A,0x20,0x00,0xE0,0xCE,0x15,0x94,0x60,0xA9,
    0x00,0x8D,0x15,0x94,0x60,0x00,0x20,0xC5,0x98,0x20,0xCF,0xF7,0xAD,0x07,0xC4,0x29,
    0x01,0xF0,0x03,0x20,0x56,0x94,0xAD,0x76,0x07,0x4A,0xB0,0x10,0x20,0x40,0xF7,0xAD,
    0x07,0xC4,0x29,0x01,0xF0,0x03,0x20,0x56,0x94,0x20,0x6D,0x99,0xAD,0x07,0xC4,0x29,
    0x01,0xF0,0x03,0x20,0x56,0x94,0x20,0xE8,0x93,0xAD,0x07,0xC4,0x29,0x01,0xF0,0x03,
    0x20,0x56,0x94,0x4C,0x55,0x92,0x8D,0x07,0xC4,0x8D,0x67,0x93,0xEE,0x15,0x94,0x60,
    0xA9,0x4C,0x8D,0x5C,0x16,0xA9,0xF7,0x8D,0x5D,0x16,0xA9,0x95,0x8D,0x5E,0x16,0xA9,
    0x4C,0x8D,0xDD,0x16,0xA9,0x76,0x8D,0xDE,0x16,0xA9,0xF5,0x8D,0xDF,0x16,0x60,0xAD,
    0x44,0x07,0xC9,0x04,0xB0,0x05,0xAD,0x4E,0x07,0x29,0x03,0xCD,0xC4,0x94,0xF0,0x06,
    0x8D,0xC4,0x94,0x20,0xBB,0x94,0xCE,0x46,0x99,0x30,0x06,0xAD,0xC3,0x94,0xD0,0x13,
    0x60,0xA9,0x07,0x8D,0x46,0x99,0xAE,0x47,0x99,0xE8,0xE0,0x03,0x90,0x02,0xA2,0x00,
    0x8E,0x47,0x99,0xA9,0x00,0x8D,0xC3,0x94,0x4C,0x57,0xF7,0xA9,0x01,0x8D,0xC3,0x94,
    0x4C,0xB8,0xB3,0x01,0xFF,0x20,0x54,0x93,0xAD,0x67,0x93,0x8D,0x68,0x93,0xD0,0x0D,
    0xA9,0x00,0x8D,0x67,0x93,0x20,0x54,0x93,0xAD,0x67,0x93,0xF0,0xF8,0xA9,0x00,0x8D,
    0x67,0x93,0x60,0xAD,0x76,0x07,0x4A,0xB0,0x14,0xAD,0x72,0x07,0xC9,0x03,0xB0,0x07,
    0xAD,0x70,0x07,0x29,0x01,0xD0,0x06,0x20,0x16,0xF2,0x4C,0xDB,0xF2,0x60,0xEA,0xEA,
    0xEA,0xEA,0xEA,0xEA,0xEA,0xEA,0xEA,0xEA,0xEA,0xEA,0xEA,0xEA,0xEA,0xEA,0xEA,0xEA,
    0xEA,0xEA,0xEA,0xEA,0xEA,0xEA,0xEA,0xEA,0xEA,0xEA,0xEA,0xEA,0xEA,0xEA,0xEA,0xEA,
    0xEA,0xEA,0xEA,0xEA,0xEA,0xEA,0xEA,0xEA,0xEA,0xEA,0xEA,0xEA,0xEA,0xEA,0xEA,0xEA,
    0xEA,0xEA,0xEA,0xEA,0xEA,0xEA,0xEA,0xEA,0xEA,0xEA,0xEA,0xEA,0xEA,0xEA,0xEA,0xEA,
    0xEA,0xEA,0xEA,0xEA,0xEA,0xEA,0xEA,0xEA,0xEA,0xEA,0xEA,0xEA,0xEA,0xEA,0xEA,0xEA,
    0xEA,0xEA,0xEA,0xEA,0xEA,0xEA,0xEA,0xEA,0xEA,0xEA,0xEA,0xEA,0xEA,0xEA,0xEA,0xEA,
    0xEA,0xEA,0xEA,0xEA,0xEA,0xEA,0xEA,0xEA,0xEA,0xEA,0xEA,0xEA,0xEA,0xEA,0xEA,0xEA,
    0xEA,0xEA,0xEA,0xEA,0xEA,0xEA,0xEA,0xEA,0xEA,0xEA,0xEA,0xEA,0xEA,0xEA,0xEA,0xEA,
    0xEA,0xEA,0xEA,0xEA,0xEA,0xEA,0xEA,0xEA,0xEA,0xEA,0xEA,0xEA,0xEA,0xEA,0xEA,0xEA,
    0xEA,0xEA,0xEA,0xEA,0xEA,0xEA,0xEA,0xEA,0xEA,0xEA,0xEA,0xEA,0xEA,0xEA,0xEA,0xEA,
    0xEA,0xEA,0xEA,0xEA,0xEA,0xEA,0xEA,0xEA,0xEA,0xEA,0xEA,0xEA,0xEA,0xEA,0xEA,0xEA,
    0xEA,0xEA,0xEA,0xEA,0xEA,0xEA,0xEA,0xEA,0xEA,0xEA,0xEA,0xEA,0xEA,0xEA,0xEA,0xAD,
    0x36,0xC0,0x29,0x7F,0x8D,0x36,0xC0,0x20,0xF0,0x9A,0xA2,0x02,0xBD,0xD9,0x95,0x9D,
    0x05,0x04,0xCA,0x10,0xF7,0x20,0xFB,0xA1,0x60,0xD3,0xD0,0xC4,0xAD,0xF9,0xA1,0xF0,
    0x0D,0xAD,0xF4,0xA1,0xF0,0x08,0xAD,0x36,0xC0,0x09,0x80,0x8D,0x36,0xC0,0x4C,0x00,
    0x08,0xEA,0xEA,0xEA,0xEA,0xEA,0xEA,0xEA,0xEA,0xEA,0xEA,0xEA,0xEA,0xEA,0xEA,0xAD,
    0xDC,0xB8,0xF0,0x06,0x20,0xD4,0xB8,0x4C,0x7C,0x96,0xA9,0x00,0x8D,0xFC,0x06,0x8D,
    0xFD,0x06,0xAD,0x61,0xC0,0x10,0x08,0xAD,0xFC,0x06,0x09,0x40,0x8D,0xFC,0x06,0xAD,
    0x62,0xC0,0x10,0x08,0xAD,0xFC,0x06,0x09,0x80,0x8D,0xFC,0x06,0xAD,0xF3,0xA1,0xF0,
    0x06,0x20,0x83,0x9F,0x4C,0x7C,0x96,0xAD,0x00,0xC0,0x8D,0x7B,0x96,0x29,0x5F,0xA2,
    0x10,0xC9,0x0D,0xF0,0x1E,0xA2,0x20,0xC9,0x09,0xF0,0x18,0xA2,0x08,0xC9,0x57,0xF0,
    0x12,0xA2,0x02,0xC9,0x41,0xF0,0x0C,0xA2,0x04,0xC9,0x53,0xF0,0x06,0xA2,0x01,0xC9,
    0x44,0xD0,0x12,0xAD,0x10,0xC0,0x0D,0x7B,0x96,0x10,0x0D,0x8A,0x0D,0xFC,0x06,0x8D,
    0xFC,0x06,0x4C,0x7C,0x96,0x2C,0x10,0xC0,0x4C,0x7C,0x96,0x00,0xAD,0xFC,0x06,0x48,
    0x29,0x30,0x2D,0x4A,0x07,0xF0,0x07,0x68,0x29,0xCF,0x8D,0xFC,0x06,0x60,0x68,0x8D,
    0x4A,0x07,0x60,0xEA,0xEA,0xEA,0xEA,0xEA,0xEA,0xEA,0xEA,0xEA,0xEA,0xEA,0xEA,0xEA,
    0xEA,0xEA,0xEA,0xEA,0xEA,0xEA,0xEA,0xEA,0xEA,0xEA,0xEA,0xEA,0xEA,0xEA,0xEA,0xEA,
    0xEA,0xEA,0xEA,0xEA,0xEA,0xEA,0xEA,0xEA,0xEA,0xEA,0xEA,0xEA,0xEA,0xEA,0xEA,0xEA,
    0xEA,0xEA,0xEA,0xEA,0xEA,0xEA,0xEA,0xEA,0xEA,0xEA,0xEA,0xEA,0xEA,0xEA,0xEA,0xEA,
    0xEA,0xEA,0xEA,0xEA,0xEA,0xEA,0xEA,0xEA,0xEA,0xEA,0xEA,0xEA,0xEA,0xEA,0xEA,0xEA,
    0xEA,0xEA,0xEA,0xEA,0xEA,0xEA,0xEA,0xEA,0xEA,0xEA,0xEA,0xEA,0xEA,0xEA,0xEA,0xEA,
    0xEA,0xEA,0xEA,0xEA,0xEA,0xEA,0xEA,0xEA,0xEA,0xEA,0xEA,0x00,0x80,0x00,0x80,0x00,
    0x80,0x00,0x80,0x28,0xA8,0x28,0xA8,0x28,0xA8,0x28,0xA8,0x50,0xD0,0x50,0xD0,0x50,
    0xD0,0x50,0xD0,0x04,0x04,0x05,0x05,0x06,0x06,0x07,0x07,0x04,0x04,0x05,0x05,0x06,
    0x06,0x07,0x07,0x04,0x04,0x05,0x05,0x06,0x06,0x07,0x07,0x09,0x0A,0x0B,0x0C,0x0D,
    0x0E,0x0F,0x08,0x11,0x12,0x14,0x02,0x02,0x02,0x02,0x02,0x02,0x02,0x06,0x02,0x02,
    0x02,0x57,0x60,0x6C,0x75,0xDE,0xE9,0xF4,0x7E,0x99,0xAE,0xBF,0x97,0x97,0x97,0x97,
    0xA3,0xA3,0xA3,0x97,0x97,0x97,0x97,0x31,0x20,0x20,0x56,0x53,0x59,0x4E,0x43,0x00,
    0x32,0x20,0x20,0x4B,0x45,0x59,0x42,0x4F,0x41,0x52,0x44,0x00,0x33,0x20,0x20,0x53,
    0x50,0x45,0x45,0x44,0x00,0x34,0x20,0x20,0x56,0x49,0x44,0x45,0x4F,0x00,0x2D,0x2D,
    0x20,0x41,0x32,0x56,0x45,0x52,0x41,0x20,0x42,0x4F,0x4F,0x54,0x20,0x53,0x45,0x54,
    0x54,0x49,0x4E,0x47,0x53,0x20,0x2D,0x2D,0x00,0x31,0x2D,0x37,0x20,0x43,0x48,0x41,
    0x4E,0x47,0x45,0x20,0x41,0x20,0x53,0x45,0x54,0x54,0x49,0x4E,0x47,0x00,0x52,0x45,
    0x54,0x55,0x52,0x4E,0x20,0x42,0x4F,0x4F,0x54,0x53,0x20,0x4E,0x4F,0x57,0x00,0x42,
    0x4F,0x4F,0x54,0x49,0x4E,0x47,0x20,0x49,0x4E,0x00,0x02,0x02,0x02,0x03,0x03,0x02,
    0x02,0x00,0x02,0x04,0x0A,0x0D,0x10,0x12,0x00,0x0F,0x1A,0x23,0x38,0x4E,0x55,0x63,
    0x67,0x6E,0x7F,0x83,0x94,0x00,0x0B,0x1C,0x30,0x39,0x43,0x55,0x98,0x98,0x98,0x98,
    0x98,0x98,0x98,0x98,0x98,0x98,0x98,0x98,0x98,0xA4,0xA4,0xA4,0xA4,0xA4,0xA4,0xA4,
    0x53,0x4B,0x49,0x50,0x20,0x57,0x48,0x45,0x4E,0x20,0x4C,0x41,0x54,0x45,0x00,0x4E,
    0x45,0x56,0x45,0x52,0x20,0x53,0x4B,0x49,0x50,0x00,0x49,0x49,0x45,0x2F,0x49,0x49,
    0x47,0x53,0x00,0x49,0x49,0x2B,0x20,0x28,0x4E,0x4F,0x20,0x4B,0x45,0x59,0x20,0x52,
    0x45,0x4C,0x45,0x41,0x53,0x45,0x29,0x00,0x31,0x4D,0x48,0x5A,0x20,0x4F,0x4E,0x4C,
    0x59,0x20,0x2D,0x20,0x4E,0x45,0x56,0x45,0x52,0x20,0x32,0x2E,0x38,0x00,0x32,0x2E,
    0x38,0x4D,0x48,0x5A,0x00,0x32,0x2E,0x38,0x4D,0x48,0x5A,0x20,0x41,0x4C,0x57,0x41,
    0x59,0x53,0x00,0x4F,0x46,0x46,0x00,0x53,0x4C,0x4F,0x54,0x20,0x31,0x00,0x4E,0x2F,
    0x41,0x20,0x2D,0x20,0x4E,0x4F,0x54,0x20,0x41,0x20,0x49,0x49,0x47,0x53,0x00,0x56,
    0x47,0x41,0x00,0x4E,0x54,0x53,0x43,0x20,0x50,0x52,0x4F,0x47,0x52,0x45,0x53,0x53,
    0x49,0x56,0x45,0x00,0x52,0x47,0x42,0x20,0x50,0x52,0x4F,0x47,0x52,0x45,0x53,0x53,
    0x49,0x56,0x45,0x00,0x01,0x0A,0x0B,0xEA,0xEA,0xEA,0xEA,0xEA,0xEA,0xEA,0xEA,0xEA,
    0xEA,0xEA,0xEA,0xEA,0xEA,0xEA,0xEA,0xEA,0xEA,0xEA,0xEA,0xEA,0xEA,0xEA,0xEA,0xEA,
    0xEA,0xEA,0xEA,0xEA,0xEA,0xAD,0x3F,0x07,0x8D,0x10,0xC4,0xAD,0x78,0x07,0x29,0x01,
    0x8D,0x11,0xC4,0xA9,0x00,0x8D,0x17,0xC4,0x8D,0x18,0xC4,0x60,0xEA,0xEA,0xEA,0xEA,
    0xEA,0xEA,0xEA,0xEA,0xEA,0xEA,0xEA,0xEA,0xEA,0xEA,0xEA,0xEA,0xEA,0xEA,0xEA,0xEA,
    0xEA,0xEA,0xEA,0xEA,0xEA,0xEA,0xEA,0xEA,0xEA,0xEA,0xEA,0xEA,0xEA,0xEA,0xEA,0xEA,
    0xEA,0xEA,0xEA,0xEA,0xEA,0xEA,0xEA,0xEA,0xEA,0xEA,0xEA,0xEA,0xEA,0xEA,0xEA,0xEA,
    0xEA,0xEA,0xEA,0xEA,0xEA,0xEA,0xEA,0xEA,0xEA,0xEA,0xEA,0xEA,0xEA,0xEA,0xEA,0xEA,
    0xEA,0xEA,0xEA,0xEA,0xEA,0xEA,0xEA,0xEA,0xEA,0xEA,0xEA,0xEA,0xEA,0xEA,0xEA,0xEA,
    0xEA,0xEA,0xEA,0xEA,0xEA,0xEA,0xEA,0xEA,0xEA,0xEA,0xEA,0xEA,0xEA,0xEA,0xEA,0xEA,
    0xEA,0xEA,0xEA,0xEA,0xEA,0xEA,0x07,0x01,0xEA,0xEA,0xEA,0xEA,0xEA,0xEA,0xEA,0xEA,
    0xEA,0xEA,0xEA,0xEA,0xEA,0xEA,0xEA,0xEA,0xEA,0xEA,0xEA,0xEA,0xEA,0xEA,0xEA,0xEA,
    0xEA,0xEA,0xEA,0xEA,0xEA,0xEA,0xEA,0xEA,0xEA,0xEA,0xEA,0xEA,0xEA,0xA9,0x11,0x8D,
    0x02,0xC4,0x4C,0xCB,0xE5,0xBD,0x00,0x02,0xF0,0x21,0xBC,0x01,0x02,0xB9,0x00,0x89,
    0x30,0x19,0xE8,0x8A,0x0A,0xCA,0x8D,0x00,0xC4,0xBD,0x03,0x02,0x9D,0x03,0x8B,0x8D,
    0x03,0xC4,0x60,0xEA,0xEA,0xEA,0xEA,0xEA,0xEA,0xEA,0xEA,0xBD,0x00,0x02,0x9D,0x00,
    0x8B,0x85,0x54,0xBD,0x01,0x02,0x9D,0x01,0x8B,0xA8,0xBD,0x02,0x02,0x9D,0x02,0x8B,
    0x85,0x53,0xBD,0x03,0x02,0x9D,0x03,0x8B,0x8A,0x0A,0x8D,0x00,0xC4,0xA5,0x54,0xC9,
    0xEF,0x90,0x0A,0x4C,0x59,0x9A,0xEA,0xEA,0xEA,0xEA,0xEA,0xEA,0xEA,0xC9,0x01,0xB0,
    0x03,0x4C,0x59,0x9A,0xB9,0x00,0x89,0xC9,0xFF,0xD0,0x2B,0xC0,0x50,0xF0,0x24,0xC0,
    0x54,0xF0,0x1A,0xC0,0x7E,0xF0,0x16,0xC0,0x80,0x90,0x0C,0xC0,0x84,0x90,0x11,0xC0,
    0xBE,0x90,0x04,0xC0,0xCD,0x90,0x03,0x4C,0x59,0x9A,0x4C,0x9F,0xF3,0x4C,0x63,0xF3,
    0x4C,0x60,0xF4,0x4C,0x94,0xF4,0xB9,0x00,0x88,0x8D,0x03,0xC4,0xB9,0x00,0x89,0xF0,
    0x04,0xA9,0x0B,0xD0,0x02,0xA9,0x0A,0x8D,0x03,0xC4,0xBD,0x03,0x02,0x8D,0x03,0xC4,
    0xA9,0x00,0x8D,0x03,0xC4,0xA5,0x54,0x18,0x69,0x01,0x8D,0x03,0xC4,0xA9,0x00,0x8D,
    0x03,0xC4,0xB9,0x00,0x8A,0x85,0x42,0xC0,0x76,0x90,0x0E,0xC0,0x7A,0xB0,0x0A,0xA5,
    0x53,0x29,0x01,0xF0,0x04,0xA9,0x0D,0x85,0x42,0xA4,0x53,0xB9,0x00,0x8D,0x8D,0x03,
    0xC4,0xA5,0x42,0x8D,0x03,0xC4,0x4C,0x66,0x9A,0x8A,0x0A,0x18,0x69,0x06,0x8D,0x00,
    0xC4,0xA9,0x00,0x8D,0x03,0xC4,0x60,0xEA,0xEA,0xEA,0xEA,0xEA,0xEA,0xEA,0xEA,0xEA,
    0xEA,0xEA,0xEA,0xEA,0xEA,0xEA,0xEA,0xEA,0xEA,0xEA,0xEA,0xEA,0x60,0xA9,0x80,0x8D,
    0x05,0xC4,0x20,0x68,0xA1,0xA9,0x00,0x8D,0x05,0xC4,0x20,0x68,0xA1,0xA9,0x00,0x8D,
    0x05,0xC4,0xA9,0x12,0x8D,0x0D,0xC4,0xA9,0x00,0x8D,0x0E,0xC4,0xA9,0x10,0x8D,0x0F,
    0xC4,0xA9,0x02,0x8D,0x14,0xC4,0xA9,0x08,0x8D,0x15,0xC4,0xA9,0xD0,0x8D,0x16,0xC4,
    0xA9,0x00,0x8D,0x17,0xC4,0x8D,0x18,0xC4,0xA9,0x71,0x8D,0x09,0xC4,0xA9,0x33,0x8D,
    0x0A,0xC4,0xA9,0x40,0x8D,0x0B,0xC4,0xA9,0x00,0x8D,0x0C,0xC4,0x4C,0x60,0xA4,0x00,
    0x02,0x4C,0x4F,0x41,0x44,0x00,0x53,0x4C,0x4F,0x54,0x20,0x00,0x52,0x45,0x53,0x49,
    0x44,0x00,0x44,0x53,0x4B,0x45,0x52,0x20,0x54,0x30,0x30,0x20,0x53,0x30,0x30,0x00,
    0xAD,0x51,0xC0,0xAD,0x52,0xC0,0xAD,0x54,0xC0,0xAD,0x56,0xC0,0xA2,0x00,0xA9,0xA0,
    0x9D,0x00,0x04,0x9D,0x00,0x05,0x9D,0x00,0x06,0x9D,0x00,0x07,0xE8,0xD0,0xF1,0xA2,
    0x00,0xBD,0xD1,0x9A,0xF0,0x08,0x09,0x80,0x9D,0x00,0x04,0xE8,0xD0,0xF3,0xA2,0x00,
    0xBD,0xD6,0x9A,0xF0,0x08,0x09,0x80,0x9D,0x80,0x04,0xE8,0xD0,0xF3,0xAD,0xCF,0x9A,
    0x4A,0x4A,0x4A,0x4A,0x09,0xB0,0x9D,0x80,0x04,0xA9,0x02,0x8D,0xD0,0x9A,0x60,0xAD,
    0xD0,0x9A,0x4A,0x18,0x69,0x04,0x85,0x03,0xAD,0xD0,0x9A,0x29,0x01,0xF0,0x02,0xA9,
    0x80,0x85,0x02,0x60,0x85,0x00,0x86,0x01,0x20,0x3F,0x9B,0xA0,0x00,0xB1,0x00,0xF0,
    0x09,0x09,0x80,0x91,0x02,0xC8,0xC0,0x28,0x90,0xF3,0xEE,0xD0,0x9A,0x60,0xA2,0x60,
    0xAD,0x30,0xC0,0xA0,0xC0,0x88,0xD0,0xFD,0xCA,0xD0,0xF5,0x60,0xA9,0x02,0x85,0x24,
    0xA5,0x24,0x0A,0x0A,0x0A,0x0A,0xCD,0xCF,0x9A,0xF0,0x12,0xA9,0x00,0x85,0x22,0xA5,
    0x24,0x09,0xC0,0x85,0x23,0x20,0x48,0xA1,0x20,0xDF,0x9B,0x90,0x22,0xE6,0x24,0xA5,
    0x24,0xC9,0x08,0x90,0xDB,0x20,0x3F,0x9B,0xA0,0x00,0xB9,0xD7,0xA4,0xF0,0x07,0x09,
    0x80,0x91,0x02,0xC8,0xD0,0xF4,0x20,0x6E,0x9B,0x20,0x6E,0x9B,0x4C,0xBC,0x9B,0xA9,
    0x02,0x8D,0xD0,0x9A,0x20,0x3F,0x9B,0xA0,0x00,0xB9,0xDF,0xA4,0xF0,0x07,0x09,0x80,
    0x91,0x02,0xC8,0xD0,0xF4,0xA5,0x24,0x09,0xB0,0x91,0x02,0xEE,0xD0,0x9A,0x60,0xA0,
    0x05,0xB1,0x22,0xD0,0x06,0x88,0x10,0xF9,0x4C,0xFF,0xA0,0x38,0x60,0xA9,0x00,0x8D,
    0x00,0xC4,0x8D,0x01,0xC4,0xA9,0x10,0x8D,0x02,0xC4,0xA9,0x00,0xAA,0xA8,0x8D,0x03,
    0xC4,0xC8,0xD0,0xFA,0xE8,0xD0,0xF7,0x8D,0x03,0xC4,0xC8,0xD0,0xFA,0xE8,0xD0,0xF7,
    0x60,0xA9,0x02,0x85,0x14,0xA9,0x00,0x85,0x15,0xA9,0x80,0x85,0x16,0xA9,0x00,0x85,
    0x17,0xA9,0x00,0x85,0x26,0xA9,0x08,0x85,0x27,0x4C,0x55,0xA5,0xA9,0x0A,0x85,0x14,
    0xA9,0x00,0x85,0x15,0xA9,0x14,0x85,0x16,0xA9,0x00,0x85,0x17,0xA9,0x00,0x85,0x26,
    0xA9,0xA8,0x85,0x27,0x4C,0x55,0xA5,0xA0,0x00,0xA5,0x2A,0x20,0x65,0x9C,0xA0,0x04,
    0xA5,0x2E,0x20,0x65,0x9C,0xA9,0xE2,0xA2,0x9A,0x20,0x54,0x9B,0x20,0x6E,0x9B,0x20,
    0x6E,0x9B,0x4C,0x62,0x9C,0x48,0x4A,0x4A,0x4A,0x4A,0x20,0x79,0x9C,0x99,0xE9,0x9A,
    0xC8,0x68,0x20,0x79,0x9C,0x99,0xE9,0x9A,0x60,0x29,0x0F,0x09,0x30,0xC9,0x3A,0x90,
    0x02,0x69,0x06,0x60,0x00,0xEA,0xEA,0xEA,0xEA,0xEA,0xEA,0xEA,0xEA,0xEA,0xEA,0xEA,
    0xEA,0xEA,0xEA,0xEA,0xEA,0xEA,0xEA,0xEA,0xEA,0xEA,0xEA,0xEA,0xEA,0xEA,0xEA,0xEA,
    0xEA,0xEA,0xEA,0xEA,0xEA,0xEA,0xEA,0xEA,0xEA,0xEA,0xEA,0xEA,0xEA,0xEA,0xA5,0x2A,
    0x0A,0x85,0x0A,0xC5,0x09,0xF0,0x43,0xA9,0x00,0x85,0x12,0xA5,0x09,0x85,0x13,0x38,
    0xE5,0x0A,0xF0,0x31,0xB0,0x06,0x49,0xFF,0xE6,0x09,0x90,0x04,0x69,0xFE,0xC6,0x09,
    0xC5,0x12,0x90,0x02,0xA5,0x12,0xC9,0x0C,0xB0,0x01,0xA8,0x38,0x20,0x0D,0x9D,0xB9,
    0x25,0x9D,0x20,0x1A,0x9D,0xA5,0x13,0x18,0x20,0x0F,0x9D,0xB9,0x31,0x9D,0x20,0x1A,
    0x9D,0xE6,0x12,0xD0,0xC6,0xA9,0x00,0x20,0x1A,0x9D,0x60,0xA9,0x50,0x85,0x09,0xA9,
    0x00,0x85,0x2A,0x20,0xAE,0x9C,0xA5,0x14,0x85,0x2A,0x4C,0xAE,0x9C,0xA5,0x09,0x29,
    0x03,0x2A,0x0D,0xCF,0x9A,0xAA,0xBD,0x80,0xC0,0x60,0xA2,0x11,0xCA,0xD0,0xFD,0x38,
    0xE9,0x01,0xD0,0xF6,0x60,0x01,0x30,0x28,0x24,0x20,0x1E,0x1D,0x1C,0x1C,0x1C,0x1C,
    0x1C,0x70,0x2C,0x26,0x22,0x1F,0x1E,0x1D,0x1C,0x1C,0x1C,0x1C,0x1C,0xA2,0xC8,0xCA,
    0xD0,0xFD,0x60,0xAE,0xCF,0x9A,0xBD,0x8E,0xC0,0xA9,0x00,0x85,0x0A,0xA9,0xE0,0x85,
    0x0B,0xE6,0x0A,0xD0,0x07,0xE6,0x0B,0xD0,0x03,0x4C,0x21,0x9E,0xBD,0x8C,0xC0,0x10,
    0xFB,0xC9,0xD5,0xD0,0xEC,0xEA,0xBD,0x8C,0xC0,0x10,0xFB,0xC9,0xAA,0xD0,0xF2,0xEA,
    0xBD,0x8C,0xC0,0x10,0xFB,0xC9,0x96,0xD0,0xE8,0x20,0x23,0x9E,0x85,0x0E,0x20,0x23,
    0x9E,0xC5,0x2A,0xD0,0xCC,0x45,0x0E,0x85,0x0E,0x20,0x23,0x9E,0xC5,0x2E,0xD0,0xC1,
    0x45,0x0E,0x85,0x0E,0x20,0x23,0x9E,0xC5,0x0E,0xD0,0xB6,0xA0,0x40,0x88,0xD0,0x03,
    0x4C,0x21,0x9E,0xBD,0x8C,0xC0,0x10,0xFB,0xC9,0xD5,0xD0,0xF1,0xEA,0xBD,0x8C,0xC0,
    0x10,0xFB,0xC9,0xAA,0xD0,0xF2,0xEA,0xBD,0x8C,0xC0,0x10,0xFB,0xC9,0xAD,0xD0,0xE8,
    0xA9,0x00,0xA8,0x84,0x0D,0xBC,0x8C,0xC0,0x10,0xFB,0x59,0x00,0x8A,0xA4,0x0D,0x99,
    0x00,0x8B,0xC8,0x84,0x0D,0xC0,0x56,0xD0,0xEC,0xA0,0x00,0x84,0x0D,0xBC,0x8C,0xC0,
    0x10,0xFB,0x59,0x00,0x8A,0xA4,0x0D,0x91,0x26,0xC8,0x84,0x0D,0xD0,0xEF,0xBC,0x8C,
    0xC0,0x10,0xFB,0xD9,0x00,0x8A,0xD0,0x29,0xBC,0x8C,0xC0,0x10,0xFB,0xC0,0xDE,0xD0,
    0x20,0xBC,0x8C,0xC0,0x10,0xFB,0xC0,0xAA,0xD0,0x17,0xA5,0x27,0x8D,0x3D,0x9E,0x8D,
    0x41,0x9E,0x8D,0x45,0x9E,0x8D,0x49,0x9E,0x8D,0x51,0x9E,0x8D,0x55,0x9E,0x4C,0x35,
    0x9E,0x38,0x60,0xBD,0x8C,0xC0,0x10,0xFB,0x0A,0x09,0x01,0x85,0x0D,0xBD,0x8C,0xC0,
    0x10,0xFB,0x25,0x0D,0x60,0xA2,0x55,0xBD,0x00,0x8B,0x4A,0x3E,0x00,0xF0,0x4A,0x3E,
    0x00,0xF0,0x4A,0x3E,0x56,0xF0,0x4A,0x3E,0x56,0xF0,0xE0,0x54,0xB0,0x08,0x4A,0x3E,
    0xAC,0xF0,0x4A,0x3E,0xAC,0xF0,0xCA,0x10,0xDE,0x18,0x60,0xA5,0x24,0x09,0xC0,0x8D,
    0x81,0x9E,0xA0,0x00,0xB1,0x06,0x85,0x0E,0xC8,0xB1,0x06,0xF0,0x13,0x85,0x0F,0xC8,
    0x8C,0x82,0x9E,0xA0,0x00,0xAD,0x81,0x9E,0x91,0x0E,0xAC,0x82,0x9E,0x4C,0x64,0x9E,
    0x60,0x00,0x00,0x32,0x92,0x56,0x93,0x5D,0x93,0x1E,0x94,0x31,0x94,0x3E,0x94,0x4B,
    0x94,0x58,0x94,0xCA,0x98,0xD2,0x98,0xD7,0x98,0xDA,0x98,0x71,0x99,0x88,0x99,0x91,
    0x99,0xBC,0x99,0x0B,0x9A,0x19,0x9A,0x1F,0x9A,0x24,0x9A,0x2C,0x9A,0x31,0x9A,0x50,
    0x9A,0x55,0x9A,0x60,0x9A,0x65,0x9A,0x81,0x9A,0x89,0x9A,0x91,0x9A,0x96,0x9A,0x9B,
    0x9A,0xA0,0x9A,0xA5,0x9A,0xAA,0x9A,0xAF,0x9A,0xB4,0x9A,0xB7,0x9A,0xBC,0x9A,0xC1,
    0x9A,0xC6,0x9A,0xCB,0x9A,0xF1,0x9B,0xF4,0x9B,0xF9,0x9B,0x00,0x9C,0x09,0x9C,0x64,
    0xA4,0x69,0xA4,0x6E,0xA4,0x73,0xA4,0x78,0xA4,0x7D,0xA4,0x07,0xA6,0x0C,0xA6,0x13,
    0xA6,0x1F,0xA6,0x00,0x00,0x00,0x00,0x00,0x00,0x00,0x00,0x00,0x00,0x00,0x00,0x00,
    0x00,0x00,0x00,0x00,0x00,0x00,0x00,0x00,0x00,0x00,0x00,0x00,0x00,0x00,0x00,0x00,
    0x00,0x00,0x00,0x00,0x00,0x00,0x00,0x00,0x00,0x00,0x00,0x00,0x00,0x00,0x00,0x00,
    0x00,0x00,0x00,0x00,0x00,0x00,0x00,0x00,0x00,0x00,0x00,0x00,0x00,0x00,0x00,0x00,
    0x00,0x00,0x00,0x00,0x00,0x00,0x00,0x00,0x00,0x00,0x00,0x00,0x00,0x00,0x00,0x58,
    0xA8,0x5E,0xA8,0x6D,0xA8,0x73,0xA8,0x98,0xA8,0x9D,0xA8,0xA2,0xA8,0xF3,0xA8,0xFF,
    0xA8,0x04,0xA9,0x0B,0xA9,0x11,0xA9,0x18,0xA9,0x1E,0xA9,0x26,0xA9,0x32,0xA9,0x37,
    0xA9,0x3E,0xA9,0x44,0xA9,0x4B,0xA9,0x51,0xA9,0xBC,0xB3,0xC1,0xB3,0xC6,0xB3,0xE9,
    0xB3,0xA8,0xB9,0xB4,0xB9,0xB9,0xB9,0xBE,0xB9,0xC3,0xB9,0xC8,0xB9,0xCD,0xB9,0x00,
    0x00,0x00,0x00,0xAD,0x00,0xC0,0x30,0x03,0x4C,0x19,0xA0,0x2C,0x10,0xC0,0x29,0x7F,
    0xC9,0x20,0xF0,0x3D,0x29,0x5F,0xA2,0x02,0xC9,0x41,0xF0,0x4D,0xA2,0x01,0xC9,0x44,
    0xF0,0x47,0xA2,0x08,0xC9,0x57,0xF0,0x41,0xA2,0x04,0xC9,0x53,0xF0,0x3B,0xC9,0x4A,
    0xF0,0x14,0xC9,0x0D,0xF0,0x23,0xC9,0x54,0xF0,0x27,0xC9,0x43,0xD0,0x5B,0xA9,0x00,
    0x8D,0x35,0xA0,0x4C,0x19,0xA0,0xAD,0x35,0xA0,0x49,0x40,0x8D,0x35,0xA0,0x4C,0x19,
    0xA0,0xA9,0x12,0x8D,0x36,0xA0,0x4C,0x19,0xA0,0xA9,0x10,0x8D,0x37,0xA0,0x4C,0x19,
    0xA0,0xA9,0x20,0x8D,0x37,0xA0,0x4C,0x19,0xA0,0x8A,0x2D,0x35,0xA0,0xD0,0x0D,0x20,
    0x02,0xA0,0x8A,0x0D,0x35,0xA0,0x8D,0x35,0xA0,0x4C,0x19,0xA0,0x20,0x02,0xA0,0x4C,
    0x19,0xA0,0x8A,0x29,0x03,0xF0,0x09,0xAD,0x35,0xA0,0x29,0xFC,0x8D,0x35,0xA0,0x60,
    0xAD,0x35,0xA0,0x29,0xF3,0x8D,0x35,0xA0,0x60,0xAD,0x35,0xA0,0xAE,0x36,0xA0,0xF0,
    0x05,0xCE,0x36,0xA0,0x09,0x80,0x0D,0x37,0xA0,0xA2,0x00,0x8E,0x37,0xA0,0x0D,0xFC,
    0x06,0x8D,0xFC,0x06,0x60,0x00,0x00,0x00,0xEA,0xEA,0xEA,0xEA,0xEA,0xEA,0xEA,0xEA,
    0xEA,0xEA,0xEA,0xEA,0xEA,0xEA,0xEA,0xEA,0xEA,0xEA,0xEA,0xEA,0xEA,0xEA,0xEA,0xEA,
    0xEA,0xEA,0xEA,0xEA,0xEA,0xEA,0xEA,0xEA,0xEA,0xEA,0xEA,0xEA,0xEA,0xEA,0xEA,0xEA,
    0xEA,0xEA,0xEA,0xEA,0xEA,0xEA,0xEA,0xEA,0xEA,0xEA,0xEA,0xEA,0xEA,0xEA,0xEA,0xEA,
    0xEA,0xEA,0xEA,0xEA,0xEA,0xEA,0xEA,0xEA,0xEA,0xEA,0xEA,0xEA,0xEA,0xEA,0xEA,0xEA,
    0xEA,0xEA,0xEA,0xEA,0xEA,0xEA,0xEA,0xEA,0xEA,0xEA,0xEA,0xEA,0xEA,0xEA,0xEA,0xEA,
    0xEA,0xEA,0xEA,0xEA,0xEA,0xEA,0xEA,0xEA,0xEA,0xEA,0xEA,0xEA,0xEA,0xEA,0xEA,0xEA,
    0xEA,0xEA,0xEA,0xEA,0xEA,0xEA,0xEA,0xEA,0xEA,0xEA,0xEA,0xEA,0xEA,0xEA,0xEA,0xEA,
    0xEA,0xEA,0xEA,0xEA,0xEA,0xEA,0xEA,0xEA,0xEA,0xEA,0xEA,0xEA,0xEA,0xEA,0xEA,0xEA,
    0xEA,0xEA,0xEA,0xEA,0xEA,0xEA,0xEA,0xEA,0xEA,0xEA,0xEA,0xEA,0xEA,0xEA,0xEA,0xEA,
    0xEA,0xEA,0xEA,0xEA,0xEA,0xEA,0xEA,0xEA,0xEA,0xEA,0xEA,0xEA,0xEA,0xEA,0xEA,0xEA,
    0xEA,0xEA,0xEA,0xEA,0xEA,0xEA,0xEA,0xEA,0xEA,0xEA,0xEA,0xEA,0xEA,0xEA,0xEA,0xEA,
    0xEA,0xEA,0xEA,0xEA,0xEA,0xEA,0xEA,0xEA,0xEA,0xEA,0xEA,0xEA,0xEA,0xEA,0xEA,0xA0,
    0x08,0xB1,0x22,0x8D,0x44,0xA1,0x20,0x3E,0xA1,0xB1,0x22,0x8D,0x45,0xA1,0x20,0x3E,
    0xA1,0xB1,0x22,0x8D,0x46,0xA1,0xAD,0x45,0xA1,0x38,0xED,0x44,0xA1,0xF0,0x1D,0x8D,
    0x47,0xA1,0xAD,0x46,0xA1,0x38,0xED,0x45,0xA1,0xF0,0x11,0x38,0xED,0x47,0xA1,0x10,
    0x05,0x49,0xFF,0x18,0x69,0x01,0xC9,0x11,0xB0,0x02,0x18,0x60,0x38,0x60,0xA2,0x00,
    0xE8,0xD0,0xFD,0x60,0x00,0x00,0x00,0x00,0x20,0x3F,0x9B,0xA0,0x00,0xB9,0x63,0xA1,
    0xF0,0x07,0x09,0x80,0x91,0x02,0xC8,0xD0,0xF4,0xA5,0x24,0x09,0xB0,0x91,0x02,0xEE,
    0xD0,0x9A,0x60,0x50,0x52,0x42,0x20,0x00,0xA2,0x00,0xA0,0x00,0xC8,0xD0,0xFD,0xE8,
    0xE0,0x04,0xD0,0xF8,0x60,0xEA,0xEA,0xEA,0xEA,0xEA,0xEA,0xEA,0xEA,0xEA,0xEA,0xEA,
    0xEA,0xEA,0xEA,0xEA,0xEA,0xEA,0xEA,0xEA,0xEA,0xEA,0xEA,0xEA,0xEA,0xEA,0xEA,0xEA,
    0xEA,0xEA,0xEA,0xEA,0xEA,0xEA,0xEA,0xEA,0xEA,0xEA,0xEA,0xEA,0xEA,0xEA,0xEA,0xEA,
    0xEA,0xEA,0xEA,0xEA,0xEA,0xEA,0xEA,0xEA,0xEA,0xEA,0xEA,0xEA,0xEA,0xEA,0xEA,0xEA,
    0xEA,0xEA,0xEA,0xEA,0xEA,0xEA,0xEA,0xEA,0xEA,0xEA,0xEA,0xEA,0xEA,0xEA,0xEA,0xEA,
    0xEA,0xEA,0xEA,0xEA,0xEA,0xEA,0xEA,0xEA,0xEA,0xEA,0xEA,0xEA,0xEA,0xEA,0xEA,0xEA,
    0xEA,0xEA,0xEA,0xEA,0xEA,0xEA,0xEA,0xEA,0xEA,0xEA,0xEA,0xEA,0xEA,0xEA,0xEA,0xEA,
    0xEA,0xEA,0xEA,0xEA,0xEA,0xEA,0xEA,0xEA,0xEA,0xEA,0xEA,0xEA,0xEA,0xEA,0xEA,0xEA,
    0xEA,0x00,0x00,0x00,0x01,0x00,0x00,0x01,0x00,0x00,0x00,0x38,0x20,0x1F,0xFE,0xB0,
    0x28,0xAD,0x36,0xC0,0x8D,0xFA,0xA1,0x49,0x80,0x8D,0x36,0xC0,0xCD,0x36,0xC0,0x08,
    0xAD,0xFA,0xA1,0x8D,0x36,0xC0,0x28,0xD0,0x10,0xA9,0x01,0x8D,0xF9,0xA1,0xA9,0xC7,
    0x8D,0x09,0x04,0xA9,0xD3,0x8D,0x0A,0x04,0x60,0xA9,0x00,0x8D,0xF9,0xA1,0x8D,0xF4,
    0xA1,0xA9,0x60,0x8D,0xD7,0xA1,0x8D,0xE4,0xA1,0xA9,0xCE,0x8D,0x09,0x04,0xA9,0xCF,
    0x8D,0x0A,0x04,0x60,0x2C,0x10,0xC0,0x20,0xD0,0xA2,0xA9,0x29,0x8D,0x82,0xA4,0x20,
    0x98,0xA2,0x20,0x85,0xA2,0x90,0x23,0x29,0x7F,0xC9,0x0D,0xF0,0x22,0xC9,0x1B,0xF0,
    0x1E,0x38,0xE9,0x31,0xC9,0x07,0xB0,0x07,0xAA,0x20,0xB5,0xA2,0x20,0xD0,0xA2,0xA9,
    0x29,0x8D,0x82,0xA4,0x2C,0x10,0xC0,0x4C,0x4F,0xA2,0xCE,0x82,0xA4,0x10,0xD0,0x2C,
    0x10,0xC0,0x4C,0x65,0xA3,0xA2,0x00,0xA0,0x00,0xAD,0x00,0xC0,0x30,0x08,0xCA,0xD0,
    0xF8,0x88,0xD0,0xF5,0x18,0x60,0x38,0x60,0xA2,0xB0,0xAD,0x82,0xA4,0xC9,0x0A,0x90,
    0x05,0xE9,0x0A,0xE8,0xD0,0xF7,0x09,0xB0,0x8D,0x5E,0x06,0xE0,0xB0,0xD0,0x02,0xA2,
    0xA0,0x8E,0x5D,0x06,0x60,0xE0,0x02,0xD0,0x06,0xAD,0xF9,0xA1,0xD0,0x01,0x60,0xBD,
    0xF2,0xA1,0x18,0x69,0x01,0xDD,0xCA,0x97,0x90,0x02,0xA9,0x00,0x9D,0xF2,0xA1,0x60,
    0xA2,0x0A,0x8A,0x48,0xBD,0x2B,0x97,0x8D,0x7F,0xA4,0xBD,0x36,0x97,0x8D,0x80,0xA4,
    0xA9,0x00,0x8D,0x81,0xA4,0xBD,0x41,0x97,0x85,0x00,0xBD,0x4C,0x97,0x85,0x01,0x20,
    0x38,0xA3,0x68,0xAA,0xCA,0x10,0xDB,0xA2,0x06,0x8A,0x48,0xBD,0x2B,0x97,0x8D,0x7F,
    0xA4,0xA9,0x0E,0x8D,0x80,0xA4,0xA9,0x19,0x8D,0x81,0xA4,0xE0,0x02,0xD0,0x0A,0xAD,
    0xF9,0xA1,0xD0,0x05,0xA9,0x09,0x4C,0x20,0xA3,0xBD,0xD1,0x97,0x18,0x7D,0xF2,0xA1,
    0xAA,0xBD,0xD8,0x97,0x85,0x00,0xBD,0xEC,0x97,0x85,0x01,0x20,0x38,0xA3,0x68,0xAA,
    0xCA,0x10,0xC6,0x60,0x85,0x00,0x86,0x01,0xAE,0x7F,0xA4,0xBD,0xFB,0x96,0x18,0x6D,
    0x80,0xA4,0x85,0x02,0xBD,0x13,0x97,0x69,0x00,0x85,0x03,0xA0,0x00,0xB1,0x00,0xF0,
    0x07,0x09,0x80,0x91,0x02,0xC8,0xD0,0xF5,0xCC,0x81,0xA4,0xB0,0x07,0xA9,0xA0,0x91,
    0x02,0xC8,0xD0,0xF4,0x60,0xAD,0xF2,0xA1,0xF0,0x05,0xA9,0x00,0x8D,0xCF,0x94,0xAD,
    0xF9,0xA1,0xF0,0x07,0xAD,0xF4,0xA1,0xC9,0x01,0xF0,0x08,0xA9,0x60,0x8D,0xD7,0xA1,
    0x8D,0xE4,0xA1,0xAD,0xF9,0xA1,0xF0,0x08,0xAD,0xF4,0xA1,0x09,0xB0,0x8D,0x0B,0x04,
    0xAE,0xF5,0xA1,0xBD,0xA4,0x98,0x48,0x09,0x60,0x8D,0x2B,0x92,0x68,0x09,0x70,0x8D,
    0x2F,0x92,0x8D,0xB9,0x9A,0xAD,0xF6,0xA1,0xF0,0x33,0xA9,0x40,0x8D,0xBE,0x9A,0x8D,
    0xC3,0x9A,0xA9,0xA8,0x8D,0xC8,0x9A,0xA9,0x10,0x8D,0x66,0xA4,0xA9,0x90,0x8D,0x6B,
    0xA4,0xAD,0xF6,0xA1,0xC9,0x02,0xF0,0x0B,0xA9,0x08,0x8D,0x70,0xA4,0xA9,0xE8,0x8D,
    0x75,0xA4,0x60,0xA9,0x00,0x8D,0x70,0xA4,0xA9,0xF0,0x8D,0x75,0xA4,0x60,0x35,0x20,
    0x20,0x53,0x43,0x41,0x4C,0x49,0x4E,0x47,0x00,0x36,0x20,0x20,0x50,0x41,0x44,0x20,
    0x43,0x4C,0x4B,0x00,0x37,0x20,0x20,0x50,0x41,0x44,0x20,0x54,0x59,0x50,0x45,0x00,
    0x46,0x55,0x4C,0x4C,0x53,0x43,0x52,0x45,0x45,0x4E,0x00,0x32,0x35,0x36,0x58,0x32,
    0x32,0x34,0x20,0x43,0x45,0x4E,0x54,0x45,0x52,0x45,0x44,0x00,0x32,0x35,0x36,0x58,
    0x32,0x34,0x30,0x20,0x46,0x55,0x4C,0x4C,0x20,0x48,0x45,0x49,0x47,0x48,0x54,0x00,
    0x49,0x44,0x4C,0x45,0x20,0x4C,0x4F,0x57,0x00,0x49,0x44,0x4C,0x45,0x20,0x48,0x49,
    0x47,0x48,0x00,0x4E,0x45,0x53,0x2F,0x4F,0x46,0x46,0x49,0x43,0x49,0x41,0x4C,0x20,
    0x53,0x4E,0x45,0x53,0x00,0x53,0x4E,0x45,0x53,0x20,0x43,0x4C,0x4F,0x4E,0x45,0x00,
    0xA9,0x02,0x8D,0x05,0xC4,0xA9,0x00,0x8D,0x09,0xC4,0xA9,0xA0,0x8D,0x0A,0xC4,0xA9,
    0x00,0x8D,0x0B,0xC4,0xA9,0xF0,0x8D,0x0C,0xC4,0xA9,0x00,0x8D,0x05,0xC4,0x60,0x00,
    0x00,0x00,0x00,0xEA,0xEA,0xEA,0xEA,0xEA,0xEA,0xEA,0xEA,0xEA,0xEA,0xEA,0xEA,0xEA,
    0xEA,0xEA,0xEA,0xEA,0xEA,0xEA,0xEA,0xEA,0xEA,0xEA,0xEA,0xEA,0xEA,0xEA,0xEA,0xEA,
    0xEA,0xEA,0xEA,0xEA,0xEA,0xEA,0xEA,0xEA,0xEA,0xEA,0xEA,0xEA,0xEA,0xEA,0xEA,0xEA,
    0xEA,0xEA,0xEA,0xEA,0xEA,0xEA,0xEA,0xEA,0xEA,0xEA,0xEA,0xEA,0xEA,0xEA,0xEA,0xEA,
    0xEA,0xEA,0xEA,0xEA,0xEA,0xEA,0xEA,0xEA,0xEA,0xEA,0xEA,0xEA,0xEA,0xEA,0xEA,0xEA,
    0xEA,0xEA,0xEA,0xEA,0xEA,0xEA,0xEA,0x4E,0x4F,0x20,0x56,0x45,0x52,0x41,0x00,0x56,
    0x45,0x52,0x41,0x20,0x00,0x56,0x52,0x41,0x4D,0x00,0x47,0x41,0x4D,0x45,0x00,0x50,
    0x59,0x4C,0x44,0x00,0x54,0x49,0x4C,0x45,0x00,0x47,0x4F,0x00,0x00,0x02,0x04,0x06,
    0x08,0x0A,0x0C,0x0E,0x01,0x03,0x05,0x07,0x09,0x0B,0x0D,0x0F,0x00,0x00,0x00,0xA9,
    0x00,0x8D,0x0E,0xA5,0xAE,0x0E,0xA5,0xE0,0x10,0xF0,0x39,0xBD,0xFC,0xA4,0xCD,0x0D,
    0xA5,0xB0,0x2B,0x85,0x2E,0x18,0x6D,0x0C,0xA5,0x85,0x27,0xA9,0x00,0x85,0x26,0xA9,
    0x10,0x8D,0x84,0x9C,0x20,0x43,0x9D,0x90,0x15,0xCE,0x84,0x9C,0xD0,0x03,0x4C,0x47,
    0x9C,0xAD,0x84,0x9C,0x29,0x03,0xD0,0xEC,0x20,0xFB,0x9C,0x4C,0x34,0xA5,0xEE,0x0E,
    0xA5,0x4C,0x14,0xA5,0x60,0xA5,0x27,0x8D,0x0C,0xA5,0xA5,0x14,0x85,0x2A,0x20,0xAE,
    0x9C,0xA5,0x17,0xD0,0x0C,0xA5,0x16,0xC9,0x10,0xB0,0x06,0x8D,0x0D,0xA5,0x4C,0x76,
    0xA5,0xA9,0x10,0x8D,0x0D,0xA5,0x20,0x0F,0xA5,0xA5,0x16,0x38,0xED,0x0D,0xA5,0x85,
    0x16,0xB0,0x02,0xC6,0x17,0xA5,0x16,0x05,0x17,0xF0,0x0E,0xAD,0x0C,0xA5,0x18,0x69,
    0x10,0x8D,0x0C,0xA5,0xE6,0x14,0x4C,0x5A,0xA5,0x60,0x00,0xA9,0x0C,0x8D,0x9A,0xA5,
    0x85,0x14,0x85,0x2A,0x20,0xAE,0x9C,0xA9,0x10,0x8D,0x0D,0xA5,0xA9,0x08,0x8D,0x0C,
    0xA5,0x20,0x0F,0xA5,0xA0,0x00,0xB9,0x00,0x08,0x99,0x00,0x89,0xC8,0xD0,0xF7,0xAD,
    0x00,0x89,0x85,0x1D,0xA9,0x01,0x85,0x1F,0xA9,0x89,0x85,0x20,0xA9,0x00,0x85,0x28,
    0xA9,0x09,0x85,0x29,0xA9,0x00,0x85,0x1E,0xA5,0x1E,0xC5,0x1D,0xF0,0x5C,0xA0,0x00,
    0xB1,0x1F,0x85,0x18,0xC8,0xB1,0x1F,0x85,0x19,0xC8,0xB1,0x1F,0x85,0x1A,0xC8,0xB1,
    0x1F,0x85,0x1B,0xC8,0xB1,0x1F,0x85,0x1C,0xA5,0x1F,0x18,0x69,0x05,0x85,0x1F,0x90,
    0x02,0xE6,0x20,0xA5,0x18,0x8D,0x00,0xC4,0xA5,0x19,0x8D,0x01,0xC4,0xA5,0x1A,0x09,
    0x10,0x8D,0x02,0xC4,0xA5,0x1B,0x05,0x1C,0xF0,0x11,0x20,0x3B,0xA6,0x8D,0x03,0xC4,
    0xA5,0x1B,0xD0,0x02,0xC6,0x1C,0xC6,0x1B,0x4C,0x14,0xA6,0xA5,0x28,0xF0,0x06,0xA9,
    0x00,0x85,0x28,0xE6,0x29,0xE6,0x1E,0x4C,0xD8,0xA5,0x60,0xA5,0x29,0xC9,0x18,0xD0,
    0x22,0xEE,0x9A,0xA5,0xAD,0x9A,0xA5,0x85,0x14,0x85,0x2A,0x20,0xAE,0x9C,0xA9,0x10,
    0x8D,0x0D,0xA5,0xA9,0x08,0x8D,0x0C,0xA5,0x20,0x0F,0xA5,0xA9,0x00,0x85,0x28,0xA9,
    0x08,0x85,0x29,0xA0,0x00,0xB1,0x28,0xE6,0x28,0xD0,0x02,0xE6,0x29,0x60,0xEA,0xEA,
    0xEA,0xEA,0xEA,0xEA,0xEA,0xEA,0xEA,0xEA,0xEA,0xEA,0xEA,0xEA,0xEA,0xEA,0xEA,0xEA,
    0xEA,0xEA,0xEA,0xEA,0xEA,0xEA,0xEA,0xEA,0xEA,0xEA,0xEA,0xEA,0xEA,0xEA,0xEA,0xEA,
    0xEA,0xEA,0xEA,0xEA,0xEA,0xEA,0xEA,0xEA,0xEA,0xEA,0xEA,0xEA,0xEA,0xEA,0xEA,0xEA,
    0xEA,0xEA,0xEA,0xEA,0xEA,0xEA,0xEA,0xEA,0xEA,0xEA,0xEA,0xEA,0xEA,0xEA,0xEA,0xEA,
    0xEA,0xEA,0xEA,0xEA,0xEA,0xEA,0xEA,0xEA,0xEA,0xEA,0xEA,0xEA,0xEA,0xEA,0xEA,0xEA,
    0xEA,0xEA,0xEA,0xEA,0xEA,0xEA,0xEA,0xEA,0xEA,0xEA,0xEA,0xEA,0xEA,0xEA,0xEA,0xEA,
    0xEA,0xEA,0xEA,0xEA,0xEA,0xEA,0xEA,0xEA,0xEA,0xEA,0xEA,0xEA,0xEA,0xEA,0xEA,0xEA,
    0xEA,0xEA,0xEA,0xEA,0xEA,0xEA,0xEA,0xEA,0xEA,0xEA,0xEA,0xEA,0xEA,0xEA,0xEA,0xEA,
    0xEA,0xEA,0xEA,0xEA,0xEA,0xEA,0xEA,0xEA,0xEA,0xEA,0xEA,0xEA,0xEA,0xEA,0xEA,0xEA,
    0xEA,0xEA,0xEA,0xEA,0xEA,0xEA,0xEA,0xEA,0xEA,0xEA,0xEA,0xEA,0xEA,0xEA,0xEA,0xEA,
    0xEA,0xEA,0xEA,0xEA,0xEA,0xEA,0xEA,0xEA,0xEA,0xEA,0xEA,0xEA,0xEA,0xEA,0xEA,0xEA,
    0xEA,0xEA,0xEA,0xEA,0xEA,0xEA,0xEA,0xEA,0xEA,0xEA,0xEA,0xEA,0xEA,0xEA,0xEA,0xEA,
    0xEA,0xEA,0xEA,0xEA,0xEA,0xEA,0xEA,0xEA,0xEA,0xEA,0xEA,0xEA,0xEA,0xEA,0xEA,0xEA,
    0xEA,0xEA,0xEA,0xEA,0xEA,0xEA,0xEA,0xEA,0xEA,0xEA,0xEA,0xEA,0xEA,0xEA,0xEA,0xEA,
    0xEA,0xEA,0xEA,0xEA,0xEA,0xEA,0xEA,0xEA,0xEA,0xEA,0xEA,0xEA,0xEA,0xEA,0xEA,0xEA,
    0xEA,0xEA,0xEA,0xEA,0xEA,0xEA,0xEA,0xEA,0xEA,0xEA,0xEA,0xEA,0xEA,0xEA,0xEA,0xEA,
    0xEA,0xEA,0xEA,0xEA,0xEA,0xEA,0xEA,0xEA,0xEA,0xEA,0xEA,0xEA,0xEA,0xEA,0xEA,0xEA,
    0xEA,0xEA,0xEA,0xEA,0xEA,0xEA,0xEA,0xEA,0xEA,0xEA,0xEA,0xEA,0xEA,0xEA,0xEA,0xEA,
    0xEA,0xEA,0xEA,0xEA,0xEA,0xEA,0xEA,0xEA,0xEA,0xEA,0xEA,0xEA,0xEA,0xEA,0xEA,0xEA,
    0xEA,0xEA,0xEA,0xEA,0xEA,0xEA,0xEA,0xEA,0xEA,0xEA,0xEA,0xEA,0xEA,0xEA,0xEA,0xEA,
    0xEA,0xEA,0xEA,0xEA,0xEA,0xEA,0xEA,0xEA,0xEA,0xEA,0xEA,0xEA,0xEA,0xEA,0xEA,0xEA,
    0xEA,0xEA,0xEA,0xEA,0xEA,0xEA,0xEA,0xEA,0xEA,0xEA,0xEA,0xEA,0xEA,0xEA,0xEA,0xEA,
    0xEA,0xEA,0xEA,0xEA,0xEA,0xEA,0xEA,0xEA,0xEA,0xEA,0xEA,0xEA,0xEA,0xEA,0xEA,0xEA,
    0xEA,0xEA,0xEA,0xEA,0xEA,0xEA,0xEA,0xEA,0xEA,0xEA,0xEA,0xEA,0xEA,0xEA,0xEA,0xEA,
    0xEA,0xEA,0xEA,0xEA,0xEA,0xEA,0xEA,0xEA,0xEA,0xEA,0xEA,0xEA,0xEA,0xEA,0xEA,0xEA,
};

static const unsigned char blob_payload[5028] = {
    0xAD,0x1F,0x07,0x29,0x01,0x49,0x01,0x0A,0x0A,0x85,0x04,0xAD,0x21,0x07,0x29,0x1F,
    0x85,0x05,0xAD,0x20,0x07,0x29,0x04,0xF0,0x07,0xA5,0x05,0x18,0x69,0x20,0x85,0x05,
    0xA5,0x05,0x0A,0x85,0x02,0xA9,0x02,0x85,0x03,0xA2,0x00,0xBD,0xA1,0x06,0xA8,0xB9,
    0x5B,0xB1,0x20,0xFF,0xB8,0x85,0x05,0xA9,0x00,0x06,0x05,0x2A,0x06,0x05,0x2A,0x06,
    0x05,0x2A,0x48,0xA5,0x05,0x18,0x69,0x5B,0x85,0x06,0x68,0x69,0xA9,0x85,0x07,0x20,
    0x94,0xA8,0xA4,0x04,0xB1,0x06,0x8D,0x03,0xC4,0xC8,0xB1,0x06,0x8D,0x03,0xC4,0x20,
    0xA4,0xA8,0x20,0x94,0xA8,0xA4,0x04,0xC8,0xC8,0xB1,0x06,0x8D,0x03,0xC4,0xC8,0xB1,
    0x06,0x8D,0x03,0xC4,0x20,0xA4,0xA8,0xE8,0xE0,0x0D,0xD0,0xAF,0xEE,0x21,0x07,0xAD,
    0x21,0x07,0x29,0x1F,0xD0,0x0D,0xA9,0x80,0x8D,0x21,0x07,0xAD,0x20,0x07,0x49,0x04,
    0x8D,0x20,0x07,0x60,0xA5,0x02,0x8D,0x00,0xC4,0xA5,0x03,0x8D,0x01,0xC4,0xA9,0x10,
    0x8D,0x02,0xC4,0x60,0xA5,0x02,0x18,0x69,0x80,0x85,0x02,0x90,0x02,0xE6,0x03,0x60,
    0x00,0x00,0x8D,0xB1,0xA8,0x8E,0xB0,0xA8,0xA8,0xB9,0x5B,0xB1,0x85,0x04,0xA9,0x00,
    0x85,0x05,0x06,0x04,0x26,0x05,0x06,0x04,0x26,0x05,0x06,0x04,0x26,0x05,0xA5,0x04,
    0x18,0x69,0x5B,0x85,0x04,0xA5,0x05,0x69,0xA9,0x85,0x05,0xA5,0x06,0x29,0x0F,0x0A,
    0x0A,0x85,0x03,0xA5,0x06,0xC9,0xD0,0x90,0x06,0xA5,0x03,0x09,0x40,0x85,0x03,0xA5,
    0x03,0x8D,0x00,0xC4,0xA5,0x02,0x4A,0x4A,0x4A,0x4A,0x18,0x69,0x02,0x8D,0x01,0xC4,
    0xA9,0x10,0x8D,0x02,0xC4,0xA0,0x00,0xB1,0x04,0x8D,0x03,0xC4,0xC8,0xB1,0x04,0x8D,
    0x03,0xC4,0xA0,0x04,0xB1,0x04,0x8D,0x03,0xC4,0xC8,0xB1,0x04,0x8D,0x03,0xC4,0xA5,
    0x03,0x18,0x69,0x80,0x8D,0x00,0xC4,0xA5,0x02,0x4A,0x4A,0x4A,0x4A,0x18,0x69,0x02,
    0x8D,0x01,0xC4,0xA9,0x10,0x8D,0x02,0xC4,0xA0,0x02,0xB1,0x04,0x8D,0x03,0xC4,0xC8,
    0xB1,0x04,0x8D,0x03,0xC4,0xA0,0x06,0xB1,0x04,0x8D,0x03,0xC4,0xC8,0xB1,0x04,0x8D,
    0x03,0xC4,0xAD,0xB1,0xA8,0xAE,0xB0,0xA8,0x4C,0x61,0x12,0x24,0x00,0x24,0x00,0x24,
    0x00,0x24,0x00,0x27,0x00,0x27,0x00,0x27,0x00,0x27,0x00,0x24,0x00,0xE3,0x21,0x24,
    0x00,0x24,0x00,0x24,0x00,0x24,0x00,0x24,0x00,0xE0,0x21,0x24,0x00,0x24,0x00,0x24,
    0x00,0xD2,0x20,0xD0,0x20,0xD3,0x20,0xD1,0x20,0xD4,0x20,0x24,0x00,0xD5,0x20,0x24,
    0x00,0x24,0x00,0x24,0x00,0x24,0x00,0x24,0x00,0x24,0x00,0x24,0x00,0x24,0x00,0x24,
    0x00,0x24,0x00,0x80,0x11,0x80,0x11,0x80,0x11,0x80,0x11,0x85,0x21,0x86,0x21,0x87,
    0x21,0x88,0x21,0x24,0x00,0x24,0x00,0x24,0x00,0x24,0x00,0x89,0x21,0x8A,0x21,0x8B,
    0x21,0x8C,0x21,0x24,0x00,0x20,0x22,0x24,0x00,0x20,0x22,0x24,0x00,0x81,0x20,0x24,
    0x00,0x20,0x22,0x24,0x00,0x20,0x22,0x24,0x00,0x80,0x20,0x24,0x00,0x7F,0x60,0x7F,
    0x60,0x24,0x00,0xB8,0x20,0xBA,0x20,0xB9,0x20,0xBB,0x20,0xB8,0x20,0xBC,0x20,0xB9,
    0x20,0xBD,0x20,0xBA,0x20,0xBC,0x20,0xBB,0x20,0xBD,0x20,0x60,0x20,0x64,0x20,0x61,
    0x20,0x65,0x20,0x62,0x20,0x66,0x20,0x63,0x20,0x67,0x20,0x60,0x20,0x64,0x20,0x61,
    0x20,0x65,0x20,0x62,0x20,0x66,0x20,0x63,0x20,0x67,0x20,0x68,0x20,0x68,0x20,0x69,
    0x20,0x69,0x20,0x97,0x20,0x97,0x20,0x6A,0x20,0x6A,0x20,0x4B,0x40,0x4C,0x40,0x4D,
    0x40,0x4E,0x40,0x4D,0x40,0x4F,0x40,0x4D,0x40,0x4A,0x40,0x4D,0x40,0x4E,0x40,0x50,
    0x40,0x51,0x40,0x6B,0x60,0x70,0x60,0x2C,0x60,0x2D,0x60,0x6C,0x60,0x71,0x60,0x6D,
    0x60,0x72,0x60,0x6E,0x60,0x73,0x60,0x6F,0x60,0x74,0x60,0x86,0x20,0x8A,0x20,0x87,
    0x20,0x8B,0x20,0x88,0x20,0x8C,0x20,0x88,0x20,0x8C,0x20,0x89,0x20,0x8D,0x20,0x69,
    0x20,0x69,0x20,0x8E,0x20,0x91,0x20,0x8F,0x20,0x92,0x20,0x98,0x20,0x93,0x20,0x98,
    0x20,0x93,0x20,0x90,0x20,0x94,0x20,0x69,0x20,0x69,0x20,0x4A,0x11,0x5A,0x11,0x4B,
    0x11,0x5B,0x11,0x24,0x00,0x24,0x00,0x24,0x00,0x24,0x00,0x24,0x00,0x2F,0x20,0x24,
    0x00,0x3D,0x20,0xA2,0x60,0xA2,0x60,0xA3,0x60,0xA3,0x60,0x24,0x00,0x24,0x00,0x24,
    0x00,0x24,0x00,0x24,0x00,0x24,0x00,0x24,0x00,0x24,0x00,0x24,0x00,0x24,0x00,0x24,
    0x00,0x24,0x00,0x24,0x00,0x24,0x00,0x24,0x00,0x24,0x00,0x24,0x00,0x24,0x00,0x24,
    0x00,0x24,0x00,0x24,0x00,0x24,0x00,0x24,0x00,0x24,0x00,0x24,0x00,0x24,0x00,0x24,
    0x00,0x24,0x00,0x24,0x00,0x24,0x00,0x24,0x00,0x24,0x00,0x24,0x00,0x24,0x00,0x24,
    0x00,0x24,0x00,0x24,0x00,0x24,0x00,0x24,0x00,0x24,0x00,0x24,0x00,0x24,0x00,0x24,
    0x00,0x24,0x00,0x24,0x00,0x24,0x00,0x24,0x00,0x24,0x00,0x24,0x00,0x24,0x00,0x24,
    0x00,0x24,0x00,0x24,0x00,0x24,0x00,0x24,0x00,0x24,0x00,0x24,0x00,0x24,0x00,0x24,
    0x00,0x24,0x00,0x24,0x00,0x24,0x00,0x24,0x00,0x24,0x00,0x24,0x00,0x24,0x00,0x24,
    0x00,0x24,0x00,0x24,0x00,0x24,0x00,0x24,0x00,0x24,0x00,0x24,0x00,0x24,0x00,0x24,
    0x00,0x24,0x00,0x24,0x00,0x24,0x00,0x24,0x00,0x24,0x00,0x24,0x00,0x24,0x00,0x24,
    0x00,0x24,0x00,0x24,0x00,0x24,0x00,0x24,0x00,0x24,0x00,0xA2,0x60,0xA2,0x60,0xA3,
    0x60,0xA3,0x60,0x99,0x60,0x24,0x00,0x99,0x60,0x24,0x00,0x24,0x00,0xA2,0x60,0x3E,
    0x60,0x3F,0x60,0x5B,0x60,0x5C,0x60,0x24,0x00,0xA3,0x60,0x81,0x81,0x82,0x81,0x83,
    0x81,0x84,0x81,0x04,0x42,0x10,0x42,0x05,0x42,0x11,0x42,0x06,0x42,0x12,0x42,0x05,
    0x42,0x11,0x42,0x06,0x42,0x12,0x42,0x07,0x42,0x13,0x42,0x04,0x42,0x10,0x42,0x07,
    0x42,0x13,0x42,0x00,0x42,0x10,0x42,0x01,0x42,0x11,0x42,0x02,0x42,0x12,0x42,0x01,
    0x42,0x11,0x42,0x02,0x42,0x12,0x42,0x03,0x42,0x13,0x42,0x00,0x42,0x10,0x42,0x03,
    0x42,0x13,0x42,0x14,0x42,0x16,0x42,0x15,0x42,0x17,0x42,0xBE,0x30,0xBE,0x30,0xBF,
    0x30,0xBF,0x30,0x75,0x60,0x9F,0x60,0x76,0x60,0x9F,0x64,0x9F,0x60,0x9F,0x60,0x9F,
    0x64,0x9F,0x64,0x45,0x30,0x47,0x30,0x45,0x30,0x47,0x30,0x47,0x30,0x47,0x30,0x47,
    0x30,0x47,0x30,0x27,0x00,0x27,0x00,0x27,0x00,0x27,0x00,0x47,0x30,0x47,0x30,0x47,
    0x30,0x47,0x30,0x45,0x30,0x47,0x30,0x45,0x30,0x47,0x30,0x08,0x22,0x18,0x22,0x09,
    0x22,0x19,0x22,0x0A,0x22,0x1A,0x22,0x0B,0x22,0x1B,0x22,0x45,0x30,0x47,0x30,0x45,
    0x30,0x47,0x30,0x45,0x30,0x47,0x30,0x45,0x30,0x47,0x30,0x45,0x30,0x47,0x30,0x45,
    0x30,0x47,0x30,0x45,0x30,0x47,0x30,0x45,0x30,0x47,0x30,0x45,0x30,0x47,0x30,0x45,
    0x30,0x47,0x30,0x47,0x30,0x47,0x30,0x47,0x30,0x47,0x30,0x47,0x30,0x47,0x30,0x47,
    0x30,0x47,0x30,0x47,0x30,0x47,0x30,0x47,0x30,0x47,0x30,0x47,0x30,0x47,0x30,0x47,
    0x30,0x47,0x30,0x47,0x30,0x47,0x30,0x47,0x30,0x47,0x30,0x8D,0x31,0x47,0x30,0x8E,
    0x31,0x47,0x30,0x5D,0x30,0x5E,0x30,0x5D,0x30,0x5E,0x30,0xAB,0x30,0xAC,0x30,0xAD,
    0x30,0xAE,0x30,0x47,0x30,0x47,0x30,0x27,0x30,0x27,0x30,0x27,0x30,0x27,0x30,0x47,
    0x30,0x47,0x30,0xA9,0x30,0x47,0x30,0xAA,0x30,0x47,0x30,0x9B,0x30,0x27,0x30,0x9C,
    0x30,0x27,0x30,0x27,0x30,0x27,0x30,0x27,0x30,0x27,0x30,0xC6,0x21,0xD6,0x21,0xC7,
    0x21,0xD7,0x21,0x21,0x42,0x24,0x00,0x21,0x42,0x24,0x00,0x26,0x32,0x28,0x32,0x27,
    0x32,0x29,0x32,0x2A,0x32,0x2C,0x32,0x2B,0x32,0x2D,0x32,0x2A,0x30,0x2A,0x30,0x40,
    0x30,0x40,0x30,0x24,0x00,0x24,0x00,0x24,0x00,0x24,0x00,0x24,0x00,0x47,0x30,0x24,
    0x00,0x47,0x30,0x82,0x40,0x84,0x40,0x83,0x40,0x85,0x40,0x16,0x21,0x18,0x21,0x17,
    0x21,0x19,0x21,0x18,0x21,0x19,0x21,0x18,0x21,0x19,0x21,0x24,0x30,0x47,0x30,0x24,
    0x30,0x47,0x30,0x86,0x20,0x8A,0x20,0x87,0x20,0x8B,0x20,0x8E,0x20,0x91,0x20,0x8F,
    0x20,0x92,0x20,0x24,0x00,0x2F,0x00,0x24,0x00,0x3D,0x00,0x24,0x00,0x24,0x00,0x24,
    0x00,0x24,0x00,0x24,0x00,0x24,0x00,0x24,0x00,0x24,0x00,0x24,0x00,0x24,0x00,0x24,
    0x00,0x24,0x00,0x24,0x00,0x24,0x00,0x24,0x00,0x24,0x00,0x24,0x00,0x24,0x00,0x24,
    0x00,0x24,0x00,0x24,0x00,0x24,0x00,0x24,0x00,0x24,0x00,0x24,0x00,0x24,0x00,0x24,
    0x00,0x24,0x00,0x24,0x00,0x24,0x00,0x24,0x00,0x24,0x00,0x24,0x00,0x24,0x00,0x24,
    0x00,0x35,0x80,0x36,0x80,0x25,0x80,0x37,0x80,0x25,0x80,0x24,0x00,0x38,0x80,0x24,
    0x00,0x24,0x00,0x24,0x00,0x24,0x00,0x39,0x80,0x24,0x00,0x3A,0x80,0x24,0x00,0x3B,
    0x80,0x24,0x00,0x3C,0x80,0x24,0x00,0x24,0x00,0x24,0x00,0x24,0x00,0x30,0x80,0x30,
    0x80,0x0A,0x81,0x0A,0x81,0x0A,0x81,0x34,0x80,0x0A,0x81,0x24,0x00,0x31,0x80,0x24,
    0x00,0x31,0x84,0x30,0x84,0x0A,0x81,0x24,0x00,0x30,0x84,0x34,0x80,0x0A,0x81,0x0A,
    0x81,0x0A,0x81,0x0A,0x81,0x0A,0x81,0x0A,0x81,0x0A,0x81,0xB0,0x40,0xB1,0x40,0xB2,
    0x40,0xB3,0x40,0x9B,0x30,0x9D,0x30,0x9C,0x30,0x9E,0x30,0x24,0x00,0x24,0x00,0x24,
    0x00,0x24,0x00,0x24,0x00,0x24,0x00,0x24,0x00,0x24,0x00,0x24,0x00,0x24,0x00,0x24,
    0x00,0x24,0x00,0x24,0x00,0x24,0x00,0x24,0x00,0x24,0x00,0x24,0x00,0x24,0x00,0x24,
    0x00,0x24,0x00,0x24,0x00,0x24,0x00,0x24,0x00,0x24,0x00,0x24,0x00,0x24,0x00,0x24,
    0x00,0x24,0x00,0x24,0x00,0x24,0x00,0x24,0x00,0x24,0x00,0x24,0x00,0x24,0x00,0x24,
    0x00,0x24,0x00,0x24,0x00,0x24,0x00,0x24,0x00,0x24,0x00,0x24,0x00,0x24,0x00,0x24,
    0x00,0x24,0x00,0x24,0x00,0x24,0x00,0x24,0x00,0x24,0x00,0x24,0x00,0x24,0x00,0x24,
    0x00,0x24,0x00,0x24,0x00,0x24,0x00,0x24,0x00,0x24,0x00,0x24,0x00,0x24,0x00,0x24,
    0x00,0x24,0x00,0x24,0x00,0x24,0x00,0x24,0x00,0x24,0x00,0x24,0x00,0x24,0x00,0x24,
    0x00,0x24,0x00,0x24,0x00,0x24,0x00,0x24,0x00,0x24,0x00,0x24,0x00,0x24,0x00,0x24,
    0x00,0x24,0x00,0x24,0x00,0x24,0x00,0x24,0x00,0x24,0x00,0x24,0x00,0x24,0x00,0x24,
    0x00,0x24,0x00,0x24,0x00,0x24,0x00,0x24,0x00,0x24,0x00,0x24,0x00,0x24,0x00,0x24,
    0x00,0x24,0x00,0x24,0x00,0x24,0x00,0x24,0x00,0x24,0x00,0x24,0x00,0x24,0x00,0x24,
    0x00,0x24,0x00,0x24,0x00,0x24,0x00,0x24,0x00,0x24,0x00,0x24,0x00,0x24,0x00,0x24,
    0x00,0x24,0x00,0x24,0x00,0x24,0x00,0x24,0x00,0x24,0x00,0x24,0x00,0x24,0x00,0x24,
    0x00,0x24,0x00,0x24,0x00,0x24,0x00,0x24,0x00,0x24,0x00,0x24,0x00,0x24,0x00,0x24,
    0x00,0x24,0x00,0x24,0x00,0x24,0x00,0x24,0x00,0x24,0x00,0x24,0x00,0x24,0x00,0x24,
    0x00,0x24,0x00,0x24,0x00,0x24,0x00,0x24,0x00,0x24,0x00,0x24,0x00,0x24,0x00,0x24,
    0x00,0x24,0x00,0x24,0x00,0x24,0x00,0x24,0x00,0x24,0x00,0x24,0x00,0x24,0x00,0x24,
    0x00,0x24,0x00,0x24,0x00,0x24,0x00,0x24,0x00,0x24,0x00,0x24,0x00,0x24,0x00,0x24,
    0x00,0x24,0x00,0x24,0x00,0x24,0x00,0x24,0x00,0x24,0x00,0x24,0x00,0x24,0x00,0x24,
    0x00,0x24,0x00,0x24,0x00,0x24,0x00,0x24,0x00,0x24,0x00,0x24,0x00,0x24,0x00,0x24,
    0x00,0x24,0x00,0x24,0x00,0x24,0x00,0x24,0x00,0x24,0x00,0x24,0x00,0x24,0x00,0x24,
    0x00,0x24,0x00,0x24,0x00,0x24,0x00,0x24,0x00,0x24,0x00,0x24,0x00,0x24,0x00,0x24,
    0x00,0x24,0x00,0x24,0x00,0x24,0x00,0x24,0x00,0x24,0x00,0x24,0x00,0x24,0x00,0x24,
    0x00,0x24,0x00,0x24,0x00,0x24,0x00,0x24,0x00,0x24,0x00,0x40,0x32,0x50,0x32,0x41,
    0x32,0x51,0x32,0x42,0x32,0x52,0x32,0x43,0x32,0x53,0x32,0x44,0x32,0x54,0x32,0x45,
    0x32,0x55,0x32,0x46,0x32,0x56,0x32,0x47,0x32,0x57,0x32,0x48,0x32,0x58,0x32,0x49,
    0x32,0x59,0x32,0x4A,0x32,0x5A,0x32,0x4B,0x32,0x5B,0x32,0x4B,0x36,0x5B,0x36,0x4A,
    0x36,0x5A,0x36,0x49,0x36,0x59,0x36,0x48,0x36,0x58,0x36,0x47,0x36,0x57,0x36,0x46,
    0x36,0x56,0x36,0x45,0x36,0x55,0x36,0x44,0x36,0x54,0x36,0x43,0x36,0x53,0x36,0x42,
    0x36,0x52,0x36,0x41,0x36,0x51,0x36,0x40,0x36,0x50,0x36,0x63,0x32,0x73,0x32,0x5C,
    0x32,0x66,0x32,0x5D,0x32,0x67,0x32,0x62,0x32,0x72,0x32,0x72,0x32,0x73,0x32,0x5E,
    0x32,0x66,0x32,0x5F,0x32,0x67,0x32,0x73,0x32,0x72,0x32,0x24,0x00,0x24,0x00,0x60,
    0x32,0x70,0x32,0x61,0x32,0x71,0x32,0x62,0x32,0x72,0x32,0x63,0x32,0x73,0x32,0x62,
    0x32,0x72,0x32,0x63,0x32,0x73,0x32,0x64,0x32,0x74,0x32,0x65,0x32,0x75,0x32,0x24,
    0x00,0x24,0x00,0x24,0x00,0x24,0x00,0x4C,0x32,0x70,0x32,0x4D,0x32,0x71,0x32,0x73,
    0x32,0x72,0x32,0x72,0x32,0x73,0x32,0x73,0x32,0x72,0x32,0x72,0x32,0x73,0x32,0x4E,
    0x32,0x74,0x32,0x4F,0x32,0x75,0x32,0x24,0x00,0x24,0x00,0x61,0x32,0x66,0x32,0x62,
    0x32,0x72,0x32,0x63,0x32,0x73,0x32,0x64,0x32,0x67,0x32,0x72,0x32,0x73,0x32,0x67,
    0x36,0x66,0x3A,0x66,0x36,0x67,0x3A,0x73,0x32,0x72,0x32,0x40,0x32,0x50,0x32,0x44,
    0x32,0x54,0x32,0x44,0x36,0x54,0x36,0x40,0x36,0x50,0x36,0x40,0x32,0x50,0x32,0x42,
    0x32,0x52,0x32,0x43,0x32,0x53,0x32,0x44,0x32,0x54,0x32,0x44,0x36,0x54,0x36,0x43,
    0x36,0x53,0x36,0x42,0x36,0x52,0x36,0x40,0x36,0x50,0x36,0x24,0x00,0x24,0x00,0xCC,
    0x30,0xCE,0x30,0xCD,0x30,0xCF,0x30,0x24,0x00,0x24,0x00,0xCC,0x30,0xCE,0x30,0xCD,
    0x30,0xCF,0x30,0x53,0x10,0x55,0x10,0x54,0x10,0x56,0x10,0x53,0x10,0x55,0x10,0x54,
    0x10,0x56,0x10,0xA5,0x10,0xA7,0x10,0xA6,0x10,0xA8,0x10,0xA5,0x10,0xA7,0x10,0xA6,
    0x10,0xA8,0x10,0xEA,0x21,0xFA,0x21,0xD2,0x21,0xE2,0x21,0xEA,0x21,0xFA,0x21,0xF2,
    0x21,0xFB,0x21,0xF3,0x21,0xDA,0x21,0xCB,0x21,0xDB,0x21,0xCA,0x21,0xDA,0x21,0xC3,
    0x21,0xE2,0x21,0xCA,0x21,0xDA,0x21,0xF0,0x21,0xDB,0x21,0xD2,0x21,0xE1,0x21,0xEB,
    0x21,0xFB,0x21,0xF1,0x21,0xFA,0x21,0xEB,0x21,0xFB,0x21,0xC0,0x21,0xE1,0x21,0xCB,
    0x21,0xDB,0x21,0xC8,0x21,0xD4,0x21,0xC5,0x21,0xD5,0x21,0xE4,0x21,0xF4,0x21,0xE5,
    0x21,0xF5,0x21,0xC8,0x21,0xD4,0x21,0xC8,0x21,0xD4,0x21,0xE4,0x21,0xF4,0x21,0xF4,
    0x21,0xE4,0x21,0xCA,0x21,0xDA,0x21,0xC3,0x21,0xD3,0x21,0xEA,0x21,0xFA,0x21,0xD2,
    0x21,0xD2,0x21,0xC0,0x21,0xD0,0x21,0xCB,0x21,0xDB,0x21,0xD2,0x21,0xD2,0x21,0xEB,
    0x21,0xFB,0x21,0x08,0x22,0x18,0x22,0x09,0x22,0x19,0x22,0x57,0x30,0x59,0x30,0x58,
    0x30,0x5A,0x30,0x7B,0x10,0x7D,0x10,0x7C,0x10,0x7E,0x10,0x24,0x00,0x24,0x00,0x24,
    0x00,0x24,0x00,0x24,0x00,0x24,0x00,0x24,0x00,0x24,0x00,0x00,0x01,0x04,0x05,0x06,
    0x86,0x87,0x88,0x89,0x8A,0x8B,0x0D,0x10,0x11,0x12,0x13,0x14,0x15,0x14,0x15,0x18,
    0x19,0x1A,0x1B,0x1C,0x1D,0x1E,0x1F,0x20,0x21,0x22,0x23,0x24,0x25,0x26,0x00,0x28,
    0x29,0x00,0x29,0x41,0x42,0x43,0x2B,0x2C,0x2D,0x2E,0x2F,0x30,0x31,0x32,0x33,0x34,
    0x35,0x36,0x37,0x38,0x39,0x3A,0x3B,0x3C,0x3D,0x3E,0x3F,0x29,0x41,0x42,0x43,0x00,
    0x62,0x65,0x52,0x66,0x67,0x68,0x69,0x09,0x44,0x4E,0x4F,0x50,0x51,0x52,0x51,0x56,
    0x51,0x51,0x51,0x51,0x51,0x52,0x52,0x52,0x52,0x52,0x00,0x00,0x64,0x63,0x6B,0x6C,
    0x6D,0x6E,0x00,0x70,0x71,0x70,0x20,0x23,0x28,0x00,0x00,0x00,0x00,0x00,0x00,0x00,
    0x00,0x8C,0x00,0x78,0x79,0x7A,0x7B,0x7C,0x7D,0x7E,0x7F,0x80,0x81,0x82,0x83,0x84,
    0x85,0x07,0x08,0x8C,0x8D,0xE7,0xE7,0xE9,0x00,0x8E,0x8F,0x90,0x91,0x92,0x93,0x94,
    0x95,0x96,0x97,0x98,0x99,0x9A,0x9B,0x9C,0x9D,0x9E,0x9F,0xA0,0xA1,0xA2,0xA3,0xA4,
    0xA5,0xA6,0xA7,0xA8,0xA9,0xAA,0xAB,0xAC,0xAD,0xAE,0xAF,0xB0,0xB1,0xB2,0xB3,0xB4,
    0xB5,0xB6,0xB7,0xB8,0xB9,0xBA,0xBB,0xBC,0xBD,0xBE,0xBF,0xE7,0xE7,0xE9,0xEA,0xFC,
    0xFD,0xC6,0xC7,0xC8,0xC9,0xCA,0xCB,0xCC,0xCD,0xCE,0xCF,0xD0,0xD1,0xD2,0xD3,0xD4,
    0xD5,0xD6,0xD7,0xD8,0xD9,0xDA,0xDB,0xDC,0xDD,0xDE,0xDF,0xE0,0xE1,0xE2,0xE3,0xE4,
    0xE5,0xE6,0xE7,0xE8,0xE9,0xEA,0xEB,0xEC,0xED,0xEE,0xEF,0xF0,0xF1,0xF2,0xF3,0xF4,
    0xF5,0xF6,0xF7,0xF8,0xF9,0xFA,0xFB,0xFC,0xFD,0xFE,0xFF,0xAD,0x70,0x07,0xF0,0x03,
    0x4C,0x4E,0x0F,0xA0,0x00,0xB9,0x7E,0xB2,0x99,0x00,0x03,0xC8,0xD0,0xF7,0xB9,0x7E,
    0xB3,0x99,0x00,0x04,0xC8,0xC0,0x3A,0xD0,0xF5,0xA9,0x05,0x4C,0x4C,0x0E,0x20,0xA6,
    0x54,0x26,0x20,0xC6,0x54,0x26,0x20,0xE6,0x54,0x26,0x21,0x06,0x54,0x26,0x20,0x85,
    0x01,0x44,0x20,0x86,0x54,0x48,0x20,0x9A,0x01,0x49,0x20,0xA5,0xC9,0x46,0x20,0xBA,
    0xC9,0x4A,0x20,0xA6,0x0A,0xD0,0xD1,0xD8,0xD8,0xDE,0xD1,0xD0,0xDA,0xDE,0xD1,0x20,
    0xC6,0x0A,0xD2,0xD3,0xDB,0xDB,0xDB,0xD9,0xDB,0xDC,0xDB,0xDF,0x20,0xE6,0x0A,0xD4,
    0xD5,0xD4,0xD9,0xDB,0xE2,0xD4,0xDA,0xDB,0xE0,0x21,0x06,0x0A,0xD6,0xD7,0xD6,0xD7,
    0xE1,0x26,0xD6,0xDD,0xE1,0xE1,0x21,0x26,0x14,0xD0,0xE8,0xD1,0xD0,0xD1,0xDE,0xD1,
    0xD8,0xD0,0xD1,0x26,0xDE,0xD1,0xDE,0xD1,0xD0,0xD1,0xD0,0xD1,0x26,0x21,0x46,0x14,
    0xDB,0x42,0x42,0xDB,0x42,0xDB,0x42,0xDB,0xDB,0x42,0x26,0xDB,0x42,0xDB,0x42,0xDB,
    0x42,0xDB,0x42,0x26,0x21,0x66,0x46,0xDB,0x21,0x6C,0x0E,0xDF,0xDB,0xDB,0xDB,0x26,
    0xDB,0xDF,0xDB,0xDF,0xDB,0xDB,0xE4,0xE5,0x26,0x21,0x86,0x14,0xDB,0xDB,0xDB,0xDE,
    0x43,0xDB,0xE0,0xDB,0xDB,0xDB,0x26,0xDB,0xE3,0xDB,0xE0,0xDB,0xDB,0xE6,0xE3,0x26,
    0x21,0xA6,0x14,0xDB,0xDB,0xDB,0xDB,0x42,0xDB,0xDB,0xDB,0xD4,0xD9,0x26,0xDB,0xD9,
    0xDB,0xDB,0xD4,0xD9,0xD4,0xD9,0xE7,0x21,0xC5,0x16,0x5F,0x95,0x95,0x95,0x95,0x95,
    0x95,0x95,0x95,0x97,0x98,0x78,0x95,0x96,0x95,0x95,0x97,0x98,0x97,0x98,0x95,0x7A,
    0x21,0xED,0x0E,0xCF,0x01,0x09,0x08,0x05,0x24,0x17,0x12,0x17,0x1D,0x0E,0x17,0x0D,
    0x18,0x22,0x4B,0x0D,0x01,0x24,0x19,0x15,0x0A,0x22,0x0E,0x1B,0x24,0x10,0x0A,0x16,
    0x0E,0x22,0x8B,0x0D,0x02,0x24,0x19,0x15,0x0A,0x22,0x0E,0x1B,0x24,0x10,0x0A,0x16,
    0x0E,0x22,0xEC,0x04,0x1D,0x18,0x19,0x28,0x22,0xF6,0x01,0x00,0x23,0xC9,0x56,0x55,
    0x23,0xE2,0x04,0x99,0xAA,0xAA,0xAA,0x23,0xEA,0x04,0x99,0xAA,0xAA,0xAA,0x00,0xFF,
    0xFF,0xFF,0xFF,0xFF,0xFF,0xFF,0xFF,0xFF,0xA9,0x00,0x8D,0x00,0xC4,0xA9,0xFA,0x8D,
    0x01,0xC4,0xA9,0x11,0x8D,0x02,0xC4,0xAD,0x44,0x07,0xC9,0x04,0xB0,0x05,0xAD,0x4E,
    0x07,0x29,0x03,0x4A,0x48,0xA9,0x00,0x6A,0x8D,0xE5,0xB3,0x68,0x18,0x69,0xB4,0x8D,
    0xE6,0xB3,0xA0,0x00,0xB9,0x00,0xB4,0x8D,0x03,0xC4,0xC8,0xC0,0x80,0xD0,0xF5,0x4C,
    0xDE,0xBA,0x00,0x00,0x00,0x00,0x00,0x00,0x00,0x00,0x00,0x00,0x00,0x00,0x00,0x00,
    0xCE,0x04,0xFF,0x0F,0x22,0x02,0x07,0x00,0xCE,0x04,0xD0,0x0F,0x90,0x0C,0x07,0x00,
    0xCE,0x04,0xFF,0x0F,0xEE,0x0C,0xCC,0x0A,0xCE,0x04,0xFF,0x0F,0x8E,0x05,0x7C,0x04,
    0xCE,0x04,0xFF,0x0F,0x22,0x02,0xF3,0x0F,0x90,0x0F,0x40,0x0C,0xB3,0x0D,0x71,0x09,
    0x40,0x06,0xD8,0x0F,0xA6,0x0C,0x62,0x08,0x40,0x0C,0xF3,0x0F,0x90,0x0F,0x40,0x0C,
    0xCE,0x04,0xFF,0x0F,0x22,0x02,0xFA,0x09,0xD0,0x00,0x60,0x00,0x00,0x00,0x00,0x00,
    0x00,0x00,0x43,0x04,0x65,0x06,0x87,0x08,0xA9,0x0A,0xE5,0x05,0x07,0x00,0x91,0x01,
    0xEF,0x07,0xFF,0x0F,0x11,0x01,0xC5,0x08,0x22,0x0C,0x41,0x0F,0xA0,0x0F,0xD0,0x0F,
    0x00,0x04,0x20,0x07,0x52,0x0A,0x83,0x0D,0xD7,0x0F,0xBB,0x0B,0x44,0x04,0x77,0x07,
    0x8E,0x05,0xFF,0x0F,0x22,0x02,0x07,0x00,0xCE,0x04,0xF0,0x0F,0xA0,0x0E,0x00,0x0B,
    0xCE,0x04,0xFF,0x0F,0xEE,0x0C,0xCC,0x0A,0xCE,0x04,0xFF,0x0F,0x8E,0x05,0x7C,0x04,
    0xCE,0x04,0xFF,0x0F,0x22,0x02,0xF9,0x0F,0xD3,0x0F,0x61,0x0E,0xD5,0x0F,0x93,0x0B,
    0x52,0x08,0xAF,0x0B,0x6D,0x08,0x3A,0x05,0x40,0x0C,0xF9,0x0F,0xD3,0x0F,0x61,0x0E,
    0xEF,0x07,0xFF,0x0F,0x22,0x02,0xFA,0x09,0xD0,0x00,0x60,0x00,0x00,0x00,0x00,0x00,
    0x00,0x00,0x30,0x08,0x50,0x0A,0x72,0x0C,0x92,0x0E,0xE5,0x05,0x07,0x00,0x91,0x01,
    0xEF,0x07,0xFF,0x0F,0x11,0x01,0xC5,0x08,0x22,0x0C,0x41,0x0F,0xA0,0x0F,0xD0,0x0F,
    0x00,0x04,0x20,0x07,0x52,0x0A,0x83,0x0D,0xD7,0x0F,0xBB,0x0B,0x44,0x04,0x77,0x07,
    0x00,0x00,0xFF,0x0F,0x22,0x02,0x07,0x00,0xCE,0x04,0xFF,0x0F,0xF8,0x0F,0x30,0x0F,
    0xCE,0x04,0xFF,0x0F,0xEE,0x0C,0xCC,0x0A,0xCE,0x04,0xFF,0x0F,0x8E,0x05,0x7C,0x04,
    0xCE,0x04,0xFF,0x0F,0x22,0x02,0xFF,0x0F,0xF9,0x0F,0x73,0x0F,0xF7,0x0F,0xB5,0x0D,
    0x73,0x09,0xCC,0x0D,0x89,0x0A,0x55,0x06,0x40,0x0C,0xFF,0x0F,0xF9,0x0F,0x73,0x0F,
    0xCE,0x07,0xFF,0x0F,0x22,0x02,0xFA,0x08,0xD0,0x00,0x60,0x00,0xF3,0x0F,0x90,0x0F,
    0x40,0x0C,0x37,0x00,0x6A,0x03,0x8C,0x05,0xBF,0x08,0xE5,0x05,0x07,0x00,0x91,0x01,
    0xCE,0x07,0xFF,0x0F,0x22,0x02,0x00,0x00,0x00,0x00,0x00,0x00,0xB3,0x0D,0x71,0x09,
    0x40,0x06,0x57,0x00,0x89,0x03,0xAC,0x05,0xDE,0x08,0xBB,0x0B,0x44,0x04,0x77,0x07,
    0x00,0x00,0xFF,0x0F,0x22,0x02,0x07,0x00,0xCE,0x04,0xD0,0x0F,0x90,0x0C,0x07,0x00,
    0xCE,0x04,0xFF,0x0F,0xEE,0x0C,0xCC,0x0A,0xCE,0x04,0xFF,0x0F,0x8E,0x05,0x7C,0x04,
    0xCE,0x04,0xFF,0x0F,0x22,0x02,0xF3,0x0F,0x90,0x0F,0x40,0x0C,0xB3,0x0D,0x71,0x09,
    0x40,0x06,0xD8,0x0F,0xA6,0x0C,0x62,0x08,0x40,0x0C,0xF3,0x0F,0x90,0x0F,0x40,0x0C,
    0xCE,0x04,0xFF,0x0F,0x22,0x02,0xFA,0x09,0xD0,0x00,0x60,0x00,0x00,0x00,0x00,0x00,
    0x00,0x00,0x43,0x04,0x65,0x06,0x87,0x08,0xA9,0x0A,0xE5,0x05,0x07,0x00,0x91,0x01,
    0xCE,0x04,0xFF,0x0F,0x22,0x02,0x51,0x0F,0x10,0x0D,0x00,0x07,0xAF,0x0B,0x6D,0x08,
    0x3A,0x05,0x54,0x06,0x87,0x09,0xA9,0x0B,0xCB,0x0D,0xCA,0x0F,0x44,0x0E,0x87,0x0F,
    0x47,0x04,0xFF,0x0F,0x22,0x02,0x07,0x00,0xCE,0x04,0xF0,0x0F,0xA0,0x0E,0x00,0x0B,
    0xCE,0x04,0xFF,0x0F,0xEE,0x0C,0xCC,0x0A,0xCE,0x04,0xFF,0x0F,0x8E,0x05,0x7C,0x04,
    0xCE,0x04,0xFF,0x0F,0x22,0x02,0xF9,0x0F,0xD3,0x0F,0x61,0x0E,0xD5,0x0F,0x93,0x0B,
    0x52,0x08,0xAF,0x0B,0x6D,0x08,0x3A,0x05,0x40,0x0C,0xF9,0x0F,0xD3,0x0F,0x61,0x0E,
    0xEF,0x07,0xFF,0x0F,0x22,0x02,0xFA,0x09,0xD0,0x00,0x60,0x00,0x00,0x00,0x00,0x00,
    0x00,0x00,0x30,0x08,0x50,0x0A,0x72,0x0C,0x92,0x0E,0xE5,0x05,0x07,0x00,0x91,0x01,
    0xEF,0x07,0xFF,0x0F,0x11,0x01,0xC5,0x08,0x22,0x0C,0x41,0x0F,0xA0,0x0F,0xD0,0x0F,
    0x00,0x04,0x20,0x07,0x52,0x0A,0x83,0x0D,0xD7,0x0F,0xBB,0x0B,0x44,0x04,0x77,0x07,
    0x8E,0x05,0xFF,0x0F,0x22,0x02,0x07,0x00,0xCE,0x04,0xFF,0x0F,0xF8,0x0F,0x30,0x0F,
    0xCE,0x04,0xFF,0x0F,0xEE,0x0C,0xCC,0x0A,0xCE,0x04,0xFF,0x0F,0x8E,0x05,0x7C,0x04,
    0xCE,0x04,0xFF,0x0F,0x22,0x02,0xFF,0x0F,0xF9,0x0F,0x73,0x0F,0xF7,0x0F,0xB5,0x0D,
    0x73,0x09,0xAF,0x0B,0x6D,0x08,0x3A,0x05,0x40,0x0C,0xFF,0x0F,0xF9,0x0F,0x73,0x0F,
    0xCE,0x04,0xFF,0x0F,0x22,0x02,0xEE,0x0E,0xBB,0x0B,0x77,0x07,0xF3,0x0F,0x90,0x0F,
    0x40,0x0C,0x20,0x09,0x41,0x0B,0x74,0x0E,0x97,0x0F,0xDD,0x0D,0x07,0x00,0xAA,0x0A,
    0xEF,0x07,0xFF,0x0F,0x11,0x01,0xC5,0x08,0x22,0x0C,0x41,0x0F,0xA0,0x0F,0xD0,0x0F,
    0x00,0x04,0x20,0x07,0x52,0x0A,0x83,0x0D,0xD7,0x0F,0xDD,0x0D,0xBB,0x0B,0x77,0x07,
    0x47,0x04,0xFF,0x0F,0x22,0x02,0x07,0x00,0xCE,0x04,0xFF,0x0F,0xF8,0x0F,0x30,0x0F,
    0xCE,0x04,0xFF,0x0F,0xEE,0x0C,0xCC,0x0A,0xCE,0x04,0xFF,0x0F,0x8E,0x05,0x7C,0x04,
    0xCE,0x04,0xFF,0x0F,0x22,0x02,0xFF,0x0F,0xF9,0x0F,0x73,0x0F,0xF7,0x0F,0xB5,0x0D,
    0x73,0x09,0xAF,0x0B,0x6D,0x08,0x3A,0x05,0x40,0x0C,0xFF,0x0F,0xF9,0x0F,0x73,0x0F,
    0xCE,0x04,0xFF,0x0F,0x22,0x02,0xEE,0x0E,0xBB,0x0B,0x77,0x07,0xF3,0x0F,0x90,0x0F,
    0x40,0x0C,0x20,0x09,0x41,0x0B,0x74,0x0E,0x97,0x0F,0xDD,0x0D,0x07,0x00,0xAA,0x0A,
    0x47,0x04,0xFF,0x0F,0x11,0x01,0xC5,0x08,0x22,0x0C,0x41,0x0F,0xA0,0x0F,0xD0,0x0F,
    0x00,0x04,0x20,0x07,0x52,0x0A,0x83,0x0D,0xD7,0x0F,0xDD,0x0D,0xBB,0x0B,0x77,0x07,
    0x47,0x04,0xFF,0x0F,0x22,0x02,0x07,0x00,0xCE,0x04,0xF0,0x0F,0xA0,0x0E,0x00,0x0B,
    0xCE,0x04,0xFF,0x0F,0xEE,0x0C,0xCC,0x0A,0xCE,0x04,0xFF,0x0F,0x8E,0x05,0x7C,0x04,
    0xCE,0x04,0xFF,0x0F,0x22,0x02,0xF9,0x0F,0xD3,0x0F,0x61,0x0E,0xD5,0x0F,0x93,0x0B,
    0x52,0x08,0xAF,0x0B,0x6D,0x08,0x3A,0x05,0x40,0x0C,0xF9,0x0F,0xD3,0x0F,0x61,0x0E,
    0xEF,0x07,0xFF,0x0F,0x22,0x02,0xFA,0x09,0xD0,0x00,0x60,0x00,0x00,0x00,0x00,0x00,
    0x00,0x00,0x30,0x08,0x50,0x0A,0x72,0x0C,0x92,0x0E,0xE5,0x05,0x07,0x00,0x91,0x01,
    0xEF,0x07,0xFF,0x0F,0x11,0x01,0xC5,0x08,0x22,0x0C,0x41,0x0F,0xA0,0x0F,0xD0,0x0F,
    0x00,0x04,0x20,0x07,0x52,0x0A,0x83,0x0D,0xD7,0x0F,0xBB,0x0B,0x44,0x04,0x77,0x07,
    0xAD,0x59,0xC0,0xAD,0x58,0xC0,0xA9,0x00,0x8D,0xFC,0x06,0xA2,0x08,0xAD,0x63,0xC0,
    0x49,0x80,0x0A,0x2E,0xFC,0x06,0xAD,0x5B,0xC0,0xAD,0x5A,0xC0,0xCA,0xD0,0xEE,0xAD,
    0xF8,0xA1,0xF0,0x0B,0xA2,0x09,0xAD,0x5B,0xC0,0xAD,0x5A,0xC0,0xCA,0xD0,0xF7,0x60,
    0xA9,0xDD,0x85,0x08,0xA9,0xB8,0x85,0x09,0x20,0x79,0xB8,0xA9,0xEE,0x85,0x08,0xA9,
    0xB8,0x85,0x09,0x20,0x79,0xB8,0xA2,0x11,0xBD,0xDC,0xB8,0xDD,0xED,0xB8,0xD0,0x24,
    0xCA,0xD0,0xF5,0xA2,0x10,0xBD,0xDD,0xB8,0xD0,0x08,0xCA,0x10,0xF8,0xA9,0x03,0x85,
    0xEB,0x60,0xE0,0x10,0xF0,0x0E,0xE0,0x08,0xB0,0x05,0xA9,0x01,0x85,0xEB,0x60,0xA9,
    0x02,0x85,0xEB,0x60,0xA9,0x00,0x85,0xEB,0x60,0xAD,0x59,0xC0,0xAD,0x58,0xC0,0xA0,
    0x00,0xAD,0x63,0xC0,0x0A,0xA9,0x00,0x2A,0x91,0x08,0xAD,0x5B,0xC0,0xAD,0x5A,0xC0,
    0xC8,0xC0,0x11,0xD0,0xEC,0x60,0xAD,0xF7,0xA1,0xF0,0x1B,0xA9,0x5A,0x8D,0x17,0xB8,
    0x8D,0x27,0xB8,0x8D,0x8B,0xB8,0xA9,0x5B,0x8D,0x1A,0xB8,0x8D,0x2A,0xB8,0x8D,0x8E,
    0xB8,0xAD,0x5B,0xC0,0xD0,0x03,0xAD,0x5A,0xC0,0xAD,0x58,0xC0,0x20,0x30,0xB8,0xA9,
    0x00,0x8D,0xDC,0xB8,0xA5,0xEB,0xC9,0x01,0xF0,0x04,0xC9,0x02,0xD0,0x05,0xA9,0x01,
    0x8D,0xDC,0xB8,0x60,0xA9,0x00,0x8D,0xFD,0x06,0x4C,0x00,0xB8,0x00,0x00,0x00,0x00,
    0x00,0x00,0x00,0x00,0x00,0x00,0x00,0x00,0x00,0x00,0x00,0x00,0x00,0x00,0x00,0x00,
    0x00,0x00,0x00,0x00,0x00,0x00,0x00,0x00,0x00,0x00,0x00,0x00,0x00,0x00,0x00,0xE0,
    0x00,0xD0,0x05,0xA0,0x00,0x8C,0x3D,0xB9,0xC9,0x56,0xF0,0x13,0xC9,0x63,0xF0,0x06,
    0xA0,0xFF,0x8C,0x3D,0xB9,0x60,0xAC,0x3D,0xB9,0xF0,0x21,0xA0,0x0C,0xD0,0x02,0xA0,
    0x57,0xE0,0x00,0xF0,0x17,0xBD,0xA0,0x06,0xDD,0xA1,0x06,0xF0,0x0E,0xBD,0xA1,0x06,
    0xA8,0xB9,0x5B,0xB1,0xC9,0x63,0xD0,0x02,0xA9,0x0A,0x60,0x98,0x60,0x00,0xEA,0xEA,
    0xEA,0xEA,0xEA,0xEA,0xEA,0xEA,0xEA,0xEA,0xEA,0xEA,0xEA,0xEA,0xEA,0xEA,0xEA,0xEA,
    0xEA,0xEA,0xEA,0xEA,0xEA,0xB5,0xB5,0xC9,0x01,0xD0,0x23,0xB5,0xCE,0xC9,0xE0,0xB0,
    0x1D,0xB5,0x86,0x38,0xED,0x1C,0x07,0x85,0x07,0xB5,0x6D,0xED,0x1A,0x07,0xD0,0x0E,
    0xA5,0x07,0xC9,0xC9,0xB0,0x08,0xA9,0x00,0x99,0xD0,0x03,0xA6,0x08,0x60,0x98,0x48,
    0x20,0xD7,0x79,0x4C,0xC5,0x79,0xA5,0x06,0x29,0x0F,0x0A,0x0A,0x85,0x05,0xA5,0x06,
    0xC9,0xD0,0x90,0x06,0xA5,0x05,0x09,0x40,0x85,0x05,0x20,0xA4,0xB9,0xA5,0x05,0x18,
    0x69,0x80,0x85,0x05,0xA5,0x05,0x8D,0x00,0xC4,0xA5,0x02,0x4A,0x4A,0x4A,0x4A,0x18,
    0x69,0x02,0x8D,0x01,0xC4,0xA9,0x10,0x8D,0x02,0xC4,0xA9,0x24,0x8D,0x03,0xC4,0xA9,
    0x00,0x8D,0x03,0xC4,0xA9,0x24,0x8D,0x03,0xC4,0xA9,0x00,0x8D,0x03,0xC4,0x60,0x20,
    0x86,0xB9,0x4C,0x6B,0x12,0x20,0x86,0xB9,0xA0,0x41,0xA9,0x03,0x4C,0x51,0x12,0xA2,
    0x00,0xAD,0x9F,0x07,0xD0,0x0B,0xA5,0x0E,0xC9,0x0C,0xD0,0x12,0xA5,0x09,0x4A,0x10,
    0x09,0xA8,0xA5,0x09,0xC0,0x08,0xB0,0x02,0x4A,0x4A,0x4A,0x29,0x03,0xAA,0x60,0xAD,
    0x82,0xC0,0xAD,0x83,0xC0,0xAD,0x83,0xC0,0xAD,0x00,0xD0,0xAA,0x49,0xFF,0x8D,0x00,
    0xD0,0xCD,0x00,0xD0,0x08,0x8A,0x8D,0x00,0xD0,0x28,0xF0,0x13,0xAD,0x82,0xC0,0xA9,
    0xC5,0xA2,0xBA,0x20,0x54,0x9B,0x20,0x6E,0x9B,0x20,0x6E,0x9B,0x4C,0x2C,0xBA,0xA9,
    0x1B,0x85,0x14,0xA9,0x00,0x85,0x15,0x85,0x17,0x85,0x26,0xA9,0x1E,0x85,0x16,0xA9,
    0xE0,0x85,0x27,0x20,0x55,0xA5,0xA9,0x1D,0x85,0x14,0xA9,0x00,0x85,0x15,0x85,0x17,
    0x85,0x26,0xA9,0x10,0x85,0x16,0xA9,0xD0,0x85,0x27,0x20,0x55,0xA5,0xA9,0x0A,0x85,
    0x06,0xA9,0xFD,0x85,0x07,0x20,0x5B,0x9E,0xA9,0x00,0xAA,0x9D,0x80,0xBF,0xE8,0xE0,
    0x72,0xD0,0xF8,0xA9,0x00,0xAA,0x9D,0x00,0xFE,0xE8,0xE0,0x20,0xD0,0xF8,0xA2,0x00,
    0x9D,0x00,0xFF,0xE8,0xE0,0x20,0xD0,0xF8,0xA9,0x40,0x8D,0xE0,0xFF,0xA0,0x05,0xB9,
    0xBF,0xBA,0x99,0xE8,0xFF,0x88,0x10,0xF7,0xA9,0xFF,0x8D,0xF5,0xFF,0x8D,0xF9,0xFF,
    0x8D,0xFB,0xFF,0x8D,0xFD,0xFF,0x8D,0xFF,0xFF,0xA9,0xE0,0x8D,0xF4,0xFF,0x8D,0xF8,
    0xFF,0x8D,0xFA,0xFF,0x8D,0xFE,0xFF,0xA9,0xE8,0x8D,0xFC,0xFF,0x4C,0x96,0xB8,0xAD,
    0x82,0xC0,0x6C,0xFC,0xFF,0x4E,0x45,0x45,0x44,0x20,0x36,0x34,0x4B,0x20,0x28,0x4C,
    0x41,0x4E,0x47,0x55,0x41,0x47,0x45,0x20,0x43,0x41,0x52,0x44,0x29,0x00,0xA2,0x08,
    0xAD,0x4E,0x07,0x29,0x03,0xC9,0x02,0xD0,0x02,0xA2,0x00,0xA0,0x00,0xBD,0xFC,0xBA,
    0x99,0x0B,0xAC,0xE8,0xC8,0xC0,0x08,0xD0,0xF4,0x4C,0x0C,0xBB,0x47,0x30,0x47,0x30,
    0x47,0x30,0x47,0x30,0x08,0x22,0x18,0x22,0x09,0x22,0x19,0x22,0xAD,0x4E,0x07,0x29,
    0x03,0x0A,0x0A,0x0A,0x0A,0xAA,0xA0,0x00,0xBD,0x25,0xBB,0x99,0x93,0xA9,0xE8,0xC8,
    0xC0,0x10,0xD0,0xF4,0x60,0xA4,0x00,0x24,0x00,0xA4,0x00,0x24,0x00,0x24,0x00,0x24,
    0x00,0x24,0x00,0x24,0x00,0xC8,0x40,0xA4,0x40,0xC9,0x40,0xA4,0x40,0xA4,0x40,0xA4,
    0x40,0xA4,0x40,0xA4,0x40,0x24,0x00,0x24,0x00,0x24,0x00,0x24,0x00,0x24,0x00,0x24,
    0x00,0x24,0x00,0x24,0x00,0x26,0x30,0x26,0x30,0x26,0x30,0x26,0x30,0x26,0x30,0x26,
    0x30,0x26,0x30,0x26,0x30,0xA5,0x02,0x48,0xA5,0x05,0x48,0x29,0x03,0x0A,0x0A,0x0A,
    0x85,0x02,0xA5,0x04,0x4A,0x4A,0x4A,0x4A,0x4A,0x05,0x02,0x4A,0x38,0xE9,0x02,0x0A,
    0x0A,0x0A,0x0A,0x85,0x02,0xA5,0x04,0x29,0x1F,0x0A,0x85,0x05,0x68,0x48,0x29,0x04,
    0xF0,0x06,0xA5,0x05,0x09,0x40,0x85,0x05,0x20,0x9A,0xB9,0x68,0x85,0x05,0x68,0x85,
    0x02,0x4C,0xCD,0x12,
};

static const unsigned char blob_lc_audio[7574] = {
    0xA9,0xC0,0x8D,0x00,0xC4,0xA9,0xF9,0x8D,0x01,0xC4,0xA9,0x11,0x8D,0x02,0xC4,0xAD,
    0xC6,0x07,0x8D,0xD0,0xBF,0xA9,0x00,0x85,0x44,0xA9,0x01,0x85,0xEE,0x20,0x4B,0xE1,
    0xA9,0x04,0x85,0x44,0xA9,0x02,0x85,0xEE,0x20,0x4B,0xE1,0xAD,0x0A,0xFF,0x85,0x4F,
    0xAD,0x0B,0xFF,0x29,0x07,0x85,0x50,0xE6,0x4F,0xD0,0x02,0xE6,0x50,0xA9,0x1E,0x85,
    0x55,0xAD,0x08,0xFF,0xD0,0x02,0x85,0x55,0xAD,0x15,0xFF,0x29,0x04,0xD0,0x04,0xA9,
    0x00,0x85,0x55,0xAD,0x0B,0xFF,0x29,0x07,0xD0,0x0B,0xAD,0x0A,0xFF,0xC9,0x02,0xB0,
    0x04,0xA9,0x00,0x85,0x55,0xAD,0xD0,0xBF,0xF0,0x04,0xA9,0x00,0x85,0x55,0xAD,0xB9,
    0x07,0xCD,0xEA,0xBF,0x8D,0xEA,0xBF,0x90,0x12,0xF0,0x10,0xA4,0xF9,0x88,0xB1,0xF5,
    0xA8,0xB9,0x01,0x87,0xF0,0x05,0xA9,0x01,0x8D,0xE9,0xBF,0xAD,0xE9,0xBF,0xD0,0x10,
    0xAD,0xE8,0xBF,0x38,0xE9,0x04,0xB0,0x02,0xA9,0x00,0x8D,0xE8,0xBF,0x4C,0xC6,0xE0,
    0xA0,0x04,0xAD,0xE9,0xBF,0xF0,0x14,0xAD,0x08,0xFF,0x29,0x7F,0x8D,0xE8,0xBF,0xAD,
    0x08,0xFF,0x30,0x0F,0xA9,0x00,0x8D,0xE9,0xBF,0xF0,0x08,0xAD,0xE8,0xBF,0xF0,0x03,
    0xCE,0xE8,0xBF,0x88,0xD0,0xDC,0xAD,0xE8,0xBF,0xD0,0x04,0xA9,0x00,0x85,0x55,0x20,
    0x1F,0xE3,0xA9,0x00,0x85,0x42,0xA9,0x02,0x85,0x56,0x20,0xC1,0xE2,0xAD,0x0C,0xFF,
    0x29,0x0F,0x0A,0x0A,0x85,0x55,0xAD,0x15,0xFF,0x29,0x08,0xD0,0x04,0xA9,0x00,0x85,
    0x55,0xAD,0xF3,0x00,0xD0,0x31,0xAD,0xBA,0x07,0xCD,0xEB,0xBF,0x8D,0xEB,0xBF,0x90,
    0x11,0xF0,0x0F,0xAD,0x0F,0xFF,0x4A,0x4A,0x4A,0xAA,0xBD,0x9B,0xE5,0x8D,0xEC,0xBF,
    0xD0,0x15,0xAD,0xEC,0xBF,0xF0,0x0C,0x38,0xE9,0x02,0xB0,0x02,0xA9,0x00,0x8D,0xEC,
    0xBF,0xD0,0x04,0xA9,0x00,0x85,0x55,0xAD,0xD0,0xBF,0xF0,0x04,0xA9,0x00,0x85,0x55,
    0xAD,0x0E,0xFF,0x29,0x0F,0xA8,0xB9,0x7B,0xE5,0x85,0x4C,0xB9,0x8B,0xE5,0x85,0x4D,
    0xA9,0x00,0x85,0x42,0xA9,0x03,0x85,0x56,0x4C,0xC1,0xE2,0x20,0x8D,0xE1,0x20,0x68,
    0xE3,0xA6,0x44,0xAD,0x15,0xFF,0x25,0xEE,0xD0,0x04,0xA9,0x00,0x85,0x55,0xAD,0xDF,
    0xBF,0xF0,0x04,0xA9,0x00,0x85,0x55,0xAD,0xD0,0xBF,0xF0,0x08,0xA5,0x44,0xF0,0x04,
    0xA9,0x00,0x85,0x55,0x20,0xEA,0xE2,0xBD,0x00,0xFF,0x4A,0x4A,0x4A,0x4A,0x4A,0x4A,
    0xA8,0xB9,0x77,0xE5,0x85,0x42,0xA9,0x00,0x85,0x56,0x4C,0xC1,0xE2,0xA6,0x44,0xBD,
    0x00,0xFF,0x8D,0xE6,0xBF,0xA5,0x44,0xD0,0x06,0xAD,0xF1,0x00,0x4C,0xA2,0xE1,0xAD,
    0xF2,0x00,0x8D,0xE7,0xBF,0xDD,0xC1,0xBF,0xF0,0x0B,0x9D,0xC1,0xBF,0xAD,0xE7,0xBF,
    0xF0,0x03,0x20,0xB8,0xE2,0xAD,0xE7,0xBF,0xF0,0x30,0xA5,0x44,0xD0,0x06,0xAD,0xBB,
    0x07,0x4C,0xDB,0xE1,0xAD,0xE7,0xBF,0x29,0x40,0xF0,0x0D,0xAD,0xBD,0x07,0x18,0x69,
    0x01,0x29,0x07,0xD0,0x03,0x20,0xB8,0xE2,0xAD,0xBD,0x07,0xDD,0xC6,0xBF,0x9D,0xC6,
    0xBF,0x90,0x3C,0xF0,0x3A,0x20,0xB8,0xE2,0xD0,0x35,0xAD,0xD0,0xBF,0xF0,0x0F,0xA5,
    0x44,0xD0,0x0B,0xAD,0x02,0xFF,0xCD,0x8A,0xBF,0xF0,0x03,0x20,0xB8,0xE2,0xA5,0x44,
    0xD0,0x06,0xAD,0xB6,0x07,0x4C,0x0B,0xE2,0xAD,0xB4,0x07,0xDD,0xCB,0xBF,0x9D,0xCB,
    0xBF,0x90,0x0C,0xF0,0x0A,0xAD,0xE6,0xBF,0xC9,0x82,0xD0,0x03,0x20,0xB8,0xE2,0xBD,
    0xBC,0xBF,0xF0,0x4C,0xA0,0x04,0xBD,0xBC,0xBF,0xF0,0x15,0xA9,0x00,0x9D,0xBC,0xBF,
    0xA9,0x0F,0x9D,0xB2,0xBF,0xAD,0xE6,0xBF,0x29,0x0F,0x9D,0xB7,0xBF,0x4C,0x6A,0xE2,
    0xBD,0xB7,0xBF,0xF0,0x06,0xDE,0xB7,0xBF,0x4C,0x6A,0xE2,0xAD,0xE6,0xBF,0x29,0x0F,
    0x9D,0xB7,0xBF,0xBD,0xB2,0xBF,0xF0,0x06,0xDE,0xB2,0xBF,0x4C,0x6A,0xE2,0xAD,0xE6,
    0xBF,0x29,0x20,0xF0,0x05,0xA9,0x0F,0x9D,0xB2,0xBF,0x88,0xD0,0xB9,0x4C,0x9F,0xE2,
    0xAD,0xE6,0xBF,0x0A,0x0A,0x0A,0x0A,0x1D,0xB7,0xBF,0xA8,0xB9,0x00,0x8E,0x9D,0xB7,
    0xBF,0xB9,0x00,0x8F,0xF0,0x19,0x18,0x7D,0xB2,0xBF,0xB0,0x10,0x48,0xAD,0xE6,0xBF,
    0x29,0x20,0xF0,0x05,0x68,0x69,0x10,0xD0,0x03,0x68,0xA9,0x00,0x9D,0xB2,0xBF,0xAD,
    0xE6,0xBF,0x29,0x10,0xD0,0x06,0xBD,0xB2,0xBF,0x4C,0xB1,0xE2,0xAD,0xE6,0xBF,0x29,
    0x0F,0xA8,0xB9,0xBB,0xE5,0x85,0x55,0x60,0xA9,0x01,0x9D,0xBC,0xBF,0x9D,0xED,0xBF,
    0x60,0xA5,0x4C,0x8D,0x03,0xC4,0xA5,0x4D,0x8D,0x03,0xC4,0xA5,0x55,0xF0,0x07,0x29,
    0x3F,0x09,0xC0,0x4C,0xD8,0xE2,0xA9,0x00,0x8D,0x03,0xC4,0xA6,0x56,0xBD,0xE6,0xE2,
    0x05,0x42,0x8D,0x03,0xC4,0x60,0x00,0x40,0x80,0xC0,0xA5,0x4F,0x38,0xE9,0x01,0xA8,
    0xA5,0x50,0xE9,0x00,0xC9,0x08,0xB0,0x15,0x09,0xD0,0x8D,0x04,0xE3,0x09,0x08,0x8D,
    0x09,0xE3,0xB9,0x00,0xD0,0x85,0x4C,0xB9,0x00,0xD8,0x85,0x4D,0x60,0xA9,0xD0,0x85,
    0x4C,0xA9,0x94,0x85,0x4D,0xA9,0x04,0x85,0x4E,0x20,0x40,0xE3,0xA6,0x44,0x60,0xA5,
    0x50,0xD0,0x06,0xA5,0x4F,0xC9,0x05,0x90,0x08,0x20,0xEA,0xE2,0x46,0x4D,0x66,0x4C,
    0x60,0xA9,0x68,0x85,0x4C,0xA9,0x4A,0x85,0x4D,0xA9,0x02,0x85,0x4E,0x4C,0x40,0xE3,
    0xA9,0x00,0x85,0x51,0x85,0x52,0xA2,0x18,0x06,0x4C,0x26,0x4D,0x26,0x4E,0x26,0x51,
    0x26,0x52,0xA5,0x51,0x38,0xE5,0x4F,0xA8,0xA5,0x52,0xE5,0x50,0x90,0x06,0x84,0x51,
    0x85,0x52,0xE6,0x4C,0xCA,0xD0,0xE1,0x60,0xA5,0x44,0xD0,0x06,0xAD,0xF1,0x00,0x4C,
    0x75,0xE3,0xAD,0xF2,0x00,0x8D,0xDD,0xBF,0xD0,0x6A,0xA6,0x44,0xBD,0x9E,0xBF,0xF0,
    0x05,0xA9,0x01,0x9D,0xAD,0xBF,0xA9,0x00,0x9D,0x9E,0xBF,0x8D,0xDE,0xBF,0xBD,0xAD,
    0xBF,0xF0,0x1F,0xBD,0x02,0xFF,0xDD,0x8A,0xBF,0xD0,0x12,0xBD,0x03,0xFF,0x29,0x07,
    0xDD,0x8F,0xBF,0xD0,0x08,0xA9,0x01,0x8D,0xDE,0xBF,0x4C,0xC3,0xE3,0xA9,0x00,0x9D,
    0xAD,0xBF,0xBD,0x01,0xFF,0x29,0x80,0xF0,0x0A,0xBD,0x01,0xFF,0x29,0x07,0xF0,0x03,
    0x4C,0xF4,0xE3,0xA6,0x44,0xBD,0x02,0xFF,0x9D,0x80,0xBF,0x9D,0x8A,0xBF,0xBD,0x03,
    0xFF,0x29,0x07,0x9D,0x85,0xBF,0x9D,0x8F,0xBF,0xA9,0x00,0x9D,0x94,0xBF,0x9D,0xED,
    0xBF,0x4C,0x7E,0xE4,0xA6,0x44,0xAD,0xDD,0xBF,0x9D,0x9E,0xBF,0xA9,0x00,0x8D,0xDE,
    0xBF,0x9D,0xAD,0xBF,0xA9,0x00,0x8D,0xDC,0xBF,0xBD,0x01,0xFF,0xDD,0x99,0xBF,0x9D,
    0x99,0xBF,0xF0,0x03,0xEE,0xDC,0xBF,0xBD,0x03,0xFF,0x29,0x07,0xDD,0x8F,0xBF,0xD0,
    0x08,0xBD,0x02,0xFF,0xDD,0x8A,0xBF,0xF0,0x1F,0xBD,0x02,0xFF,0x9D,0x8A,0xBF,0x9D,
    0x80,0xBF,0xBD,0x03,0xFF,0x29,0x07,0x9D,0x8F,0xBF,0x9D,0x85,0xBF,0xA9,0x00,0x9D,
    0x94,0xBF,0x9D,0xED,0xBF,0x4C,0x67,0xE4,0xBD,0xED,0xBF,0xF0,0x07,0xA9,0x00,0x9D,
    0xED,0xBF,0xF0,0x17,0xA5,0x44,0xD0,0x1F,0xAD,0xDD,0xBF,0xC9,0x10,0xD0,0x18,0xAD,
    0xBB,0x07,0x18,0x69,0x01,0x29,0x0B,0xC9,0x08,0xD0,0x0C,0xBD,0x8A,0xBF,0x9D,0x80,
    0xBF,0xBD,0x8F,0xBF,0x9D,0x85,0xBF,0xBD,0x01,0xFF,0x29,0x80,0xF0,0x10,0xBD,0x01,
    0xFF,0x29,0x07,0xF0,0x09,0x8D,0xE0,0xBF,0x20,0xC9,0xE4,0x20,0xC9,0xE4,0xAD,0xDE,
    0xBF,0xD0,0x30,0xBD,0x85,0xBF,0xD0,0x07,0xBD,0x80,0xBF,0xC9,0x08,0x90,0x24,0xBD,
    0x01,0xFF,0x29,0x07,0xF0,0x16,0xA8,0xBD,0x01,0xFF,0x29,0x08,0xD0,0x0E,0xBD,0x80,
    0xBF,0xD9,0x67,0xE5,0xBD,0x85,0xBF,0xF9,0x6F,0xE5,0xB0,0x07,0xA9,0x00,0x8D,0xDF,
    0xBF,0xF0,0x05,0xA9,0x01,0x8D,0xDF,0xBF,0xBD,0x80,0xBF,0x85,0x4F,0xBD,0x85,0xBF,
    0x85,0x50,0xE6,0x4F,0xD0,0x02,0xE6,0x50,0x60,0xA6,0x44,0xBD,0x94,0xBF,0xD0,0x06,
    0x20,0xF1,0xE4,0x4C,0xDB,0xE4,0xAD,0xDC,0xBF,0xF0,0x12,0xBD,0x01,0xFF,0x4A,0x4A,
    0x4A,0x4A,0x29,0x07,0x9D,0x94,0xBF,0xA9,0x00,0x8D,0xDC,0xBF,0x60,0xDE,0x94,0xBF,
    0x60,0x20,0x06,0xE5,0xAD,0xE5,0xBF,0xD0,0x0C,0xAD,0xE3,0xBF,0x9D,0x80,0xBF,0xAD,
    0xE4,0xBF,0x9D,0x85,0xBF,0x60,0xA9,0x00,0x8D,0xE5,0xBF,0xBD,0x85,0xBF,0x8D,0xE2,
    0xBF,0xBD,0x80,0xBF,0x8D,0xE1,0xBF,0xAC,0xE0,0xBF,0x4E,0xE2,0xBF,0x6E,0xE1,0xBF,
    0x88,0xD0,0xF7,0xBD,0x01,0xFF,0x29,0x08,0xD0,0x1D,0xBD,0x80,0xBF,0x18,0x6D,0xE1,
    0xBF,0x8D,0xE3,0xBF,0xBD,0x85,0xBF,0x6D,0xE2,0xBF,0x8D,0xE4,0xBF,0xC9,0x08,0x90,
    0x05,0xA9,0x01,0x8D,0xE5,0xBF,0x60,0xA5,0x44,0xD0,0x08,0xEE,0xE1,0xBF,0xD0,0x03,
    0xEE,0xE2,0xBF,0xBD,0x80,0xBF,0x38,0xED,0xE1,0xBF,0x8D,0xE3,0xBF,0xBD,0x85,0xBF,
    0xED,0xE2,0xBF,0x8D,0xE4,0xBF,0x60,0x00,0x56,0x67,0x1D,0x88,0xC2,0xE1,0xF1,0x00,
    0x05,0x06,0x07,0x07,0x07,0x07,0x07,0x0F,0x1F,0x3F,0x1F,0xFF,0xFF,0xFF,0xFF,0xFF,
    0x7E,0x9E,0x4B,0xE8,0xE3,0x63,0xF1,0xA1,0x79,0x3A,0x9D,0xFF,0xFF,0xFF,0xFF,0xFF,
    0xC3,0x92,0x75,0x5C,0x49,0x31,0x24,0x18,0x12,0x09,0x04,0x0A,0xFE,0x14,0x02,0x28,
    0x04,0x50,0x06,0xA0,0x08,0x3C,0x0A,0x0E,0x0C,0x1A,0x0E,0x0C,0x10,0x18,0x12,0x30,
    0x14,0x60,0x16,0xC0,0x18,0x48,0x1A,0x10,0x1C,0x20,0x1E,0x00,0x05,0x09,0x0E,0x12,
    0x16,0x1A,0x1F,0x23,0x26,0x2A,0x2E,0x32,0x35,0x39,0x3C,0xA9,0xFC,0x8D,0x01,0xC4,
    0xAD,0x00,0x02,0xCD,0x00,0x8B,0xD0,0x24,0xC9,0xEF,0xB0,0x25,0xAD,0x01,0x02,0xCD,
    0x01,0x8B,0xD0,0x18,0xAD,0x02,0x02,0xCD,0x02,0x8B,0xD0,0x10,0xAD,0x03,0x02,0xCD,
    0x03,0x8B,0xF0,0x0D,0xA2,0x00,0x20,0x75,0x99,0x4C,0x01,0xE6,0xA2,0x00,0x20,0x9B,
    0x99,0xAD,0x04,0x02,0xCD,0x04,0x8B,0xD0,0x24,0xC9,0xEF,0xB0,0x25,0xAD,0x05,0x02,
    0xCD,0x05,0x8B,0xD0,0x18,0xAD,0x06,0x02,0xCD,0x06,0x8B,0xD0,0x10,0xAD,0x07,0x02,
    0xCD,0x07,0x8B,0xF0,0x0D,0xA2,0x04,0x20,0x75,0x99,0x4C,0x32,0xE6,0xA2,0x04,0x20,
    0x9B,0x99,0xAD,0x08,0x02,0xCD,0x08,0x8B,0xD0,0x24,0xC9,0xEF,0xB0,0x25,0xAD,0x09,
    0x02,0xCD,0x09,0x8B,0xD0,0x18,0xAD,0x0A,0x02,0xCD,0x0A,0x8B,0xD0,0x10,0xAD,0x0B,
    0x02,0xCD,0x0B,0x8B,0xF0,0x0D,0xA2,0x08,0x20,0x75,0x99,0x4C,0x63,0xE6,0xA2,0x08,
    0x20,0x9B,0x99,0xAD,0x0C,0x02,0xCD,0x0C,0x8B,0xD0,0x24,0xC9,0xEF,0xB0,0x25,0xAD,
    0x0D,0x02,0xCD,0x0D,0x8B,0xD0,0x18,0xAD,0x0E,0x02,0xCD,0x0E,0x8B,0xD0,0x10,0xAD,
    0x0F,0x02,0xCD,0x0F,0x8B,0xF0,0x0D,0xA2,0x0C,0x20,0x75,0x99,0x4C,0x94,0xE6,0xA2,
    0x0C,0x20,0x9B,0x99,0xAD,0x10,0x02,0xCD,0x10,0x8B,0xD0,0x24,0xC9,0xEF,0xB0,0x25,
    0xAD,0x11,0x02,0xCD,0x11,0x8B,0xD0,0x18,0xAD,0x12,0x02,0xCD,0x12,0x8B,0xD0,0x10,
    0xAD,0x13,0x02,0xCD,0x13,0x8B,0xF0,0x0D,0xA2,0x10,0x20,0x75,0x99,0x4C,0xC5,0xE6,
    0xA2,0x10,0x20,0x9B,0x99,0xAD,0x14,0x02,0xCD,0x14,0x8B,0xD0,0x24,0xC9,0xEF,0xB0,
    0x25,0xAD,0x15,0x02,0xCD,0x15,0x8B,0xD0,0x18,0xAD,0x16,0x02,0xCD,0x16,0x8B,0xD0,
    0x10,0xAD,0x17,0x02,0xCD,0x17,0x8B,0xF0,0x0D,0xA2,0x14,0x20,0x75,0x99,0x4C,0xF6,
    0xE6,0xA2,0x14,0x20,0x9B,0x99,0xAD,0x18,0x02,0xCD,0x18,0x8B,0xD0,0x24,0xC9,0xEF,
    0xB0,0x25,0xAD,0x19,0x02,0xCD,0x19,0x8B,0xD0,0x18,0xAD,0x1A,0x02,0xCD,0x1A,0x8B,
    0xD0,0x10,0xAD,0x1B,0x02,0xCD,0x1B,0x8B,0xF0,0x0D,0xA2,0x18,0x20,0x75,0x99,0x4C,
    0x27,0xE7,0xA2,0x18,0x20,0x9B,0x99,0xAD,0x1C,0x02,0xCD,0x1C,0x8B,0xD0,0x24,0xC9,
    0xEF,0xB0,0x25,0xAD,0x1D,0x02,0xCD,0x1D,0x8B,0xD0,0x18,0xAD,0x1E,0x02,0xCD,0x1E,
    0x8B,0xD0,0x10,0xAD,0x1F,0x02,0xCD,0x1F,0x8B,0xF0,0x0D,0xA2,0x1C,0x20,0x75,0x99,
    0x4C,0x58,0xE7,0xA2,0x1C,0x20,0x9B,0x99,0xAD,0x20,0x02,0xCD,0x20,0x8B,0xD0,0x24,
    0xC9,0xEF,0xB0,0x25,0xAD,0x21,0x02,0xCD,0x21,0x8B,0xD0,0x18,0xAD,0x22,0x02,0xCD,
    0x22,0x8B,0xD0,0x10,0xAD,0x23,0x02,0xCD,0x23,0x8B,0xF0,0x0D,0xA2,0x20,0x20,0x75,
    0x99,0x4C,0x89,0xE7,0xA2,0x20,0x20,0x9B,0x99,0xAD,0x24,0x02,0xCD,0x24,0x8B,0xD0,
    0x24,0xC9,0xEF,0xB0,0x25,0xAD,0x25,0x02,0xCD,0x25,0x8B,0xD0,0x18,0xAD,0x26,0x02,
    0xCD,0x26,0x8B,0xD0,0x10,0xAD,0x27,0x02,0xCD,0x27,0x8B,0xF0,0x0D,0xA2,0x24,0x20,
    0x75,0x99,0x4C,0xBA,0xE7,0xA2,0x24,0x20,0x9B,0x99,0xAD,0x28,0x02,0xCD,0x28,0x8B,
    0xD0,0x24,0xC9,0xEF,0xB0,0x25,0xAD,0x29,0x02,0xCD,0x29,0x8B,0xD0,0x18,0xAD,0x2A,
    0x02,0xCD,0x2A,0x8B,0xD0,0x10,0xAD,0x2B,0x02,0xCD,0x2B,0x8B,0xF0,0x0D,0xA2,0x28,
    0x20,0x75,0x99,0x4C,0xEB,0xE7,0xA2,0x28,0x20,0x9B,0x99,0xAD,0x2C,0x02,0xCD,0x2C,
    0x8B,0xD0,0x24,0xC9,0xEF,0xB0,0x25,0xAD,0x2D,0x02,0xCD,0x2D,0x8B,0xD0,0x18,0xAD,
    0x2E,0x02,0xCD,0x2E,0x8B,0xD0,0x10,0xAD,0x2F,0x02,0xCD,0x2F,0x8B,0xF0,0x0D,0xA2,
    0x2C,0x20,0x75,0x99,0x4C,0x1C,0xE8,0xA2,0x2C,0x20,0x9B,0x99,0xAD,0x30,0x02,0xCD,
    0x30,0x8B,0xD0,0x24,0xC9,0xEF,0xB0,0x25,0xAD,0x31,0x02,0xCD,0x31,0x8B,0xD0,0x18,
    0xAD,0x32,0x02,0xCD,0x32,0x8B,0xD0,0x10,0xAD,0x33,0x02,0xCD,0x33,0x8B,0xF0,0x0D,
    0xA2,0x30,0x20,0x75,0x99,0x4C,0x4D,0xE8,0xA2,0x30,0x20,0x9B,0x99,0xAD,0x34,0x02,
    0xCD,0x34,0x8B,0xD0,0x24,0xC9,0xEF,0xB0,0x25,0xAD,0x35,0x02,0xCD,0x35,0x8B,0xD0,
    0x18,0xAD,0x36,0x02,0xCD,0x36,0x8B,0xD0,0x10,0xAD,0x37,0x02,0xCD,0x37,0x8B,0xF0,
    0x0D,0xA2,0x34,0x20,0x75,0x99,0x4C,0x7E,0xE8,0xA2,0x34,0x20,0x9B,0x99,0xAD,0x38,
    0x02,0xCD,0x38,0x8B,0xD0,0x24,0xC9,0xEF,0xB0,0x25,0xAD,0x39,0x02,0xCD,0x39,0x8B,
    0xD0,0x18,0xAD,0x3A,0x02,0xCD,0x3A,0x8B,0xD0,0x10,0xAD,0x3B,0x02,0xCD,0x3B,0x8B,
    0xF0,0x0D,0xA2,0x38,0x20,0x75,0x99,0x4C,0xAF,0xE8,0xA2,0x38,0x20,0x9B,0x99,0xAD,
    0x3C,0x02,0xCD,0x3C,0x8B,0xD0,0x24,0xC9,0xEF,0xB0,0x25,0xAD,0x3D,0x02,0xCD,0x3D,
    0x8B,0xD0,0x18,0xAD,0x3E,0x02,0xCD,0x3E,0x8B,0xD0,0x10,0xAD,0x3F,0x02,0xCD,0x3F,
    0x8B,0xF0,0x0D,0xA2,0x3C,0x20,0x75,0x99,0x4C,0xE0,0xE8,0xA2,0x3C,0x20,0x9B,0x99,
    0xAD,0x40,0x02,0xCD,0x40,0x8B,0xD0,0x24,0xC9,0xEF,0xB0,0x25,0xAD,0x41,0x02,0xCD,
    0x41,0x8B,0xD0,0x18,0xAD,0x42,0x02,0xCD,0x42,0x8B,0xD0,0x10,0xAD,0x43,0x02,0xCD,
    0x43,0x8B,0xF0,0x0D,0xA2,0x40,0x20,0x75,0x99,0x4C,0x11,0xE9,0xA2,0x40,0x20,0x9B,
    0x99,0xAD,0x44,0x02,0xCD,0x44,0x8B,0xD0,0x24,0xC9,0xEF,0xB0,0x25,0xAD,0x45,0x02,
    0xCD,0x45,0x8B,0xD0,0x18,0xAD,0x46,0x02,0xCD,0x46,0x8B,0xD0,0x10,0xAD,0x47,0x02,
    0xCD,0x47,0x8B,0xF0,0x0D,0xA2,0x44,0x20,0x75,0x99,0x4C,0x42,0xE9,0xA2,0x44,0x20,
    0x9B,0x99,0xAD,0x48,0x02,0xCD,0x48,0x8B,0xD0,0x24,0xC9,0xEF,0xB0,0x25,0xAD,0x49,
    0x02,0xCD,0x49,0x8B,0xD0,0x18,0xAD,0x4A,0x02,0xCD,0x4A,0x8B,0xD0,0x10,0xAD,0x4B,
    0x02,0xCD,0x4B,0x8B,0xF0,0x0D,0xA2,0x48,0x20,0x75,0x99,0x4C,0x73,0xE9,0xA2,0x48,
    0x20,0x9B,0x99,0xAD,0x4C,0x02,0xCD,0x4C,0x8B,0xD0,0x24,0xC9,0xEF,0xB0,0x25,0xAD,
    0x4D,0x02,0xCD,0x4D,0x8B,0xD0,0x18,0xAD,0x4E,0x02,0xCD,0x4E,0x8B,0xD0,0x10,0xAD,
    0x4F,0x02,0xCD,0x4F,0x8B,0xF0,0x0D,0xA2,0x4C,0x20,0x75,0x99,0x4C,0xA4,0xE9,0xA2,
    0x4C,0x20,0x9B,0x99,0xAD,0x50,0x02,0xCD,0x50,0x8B,0xD0,0x24,0xC9,0xEF,0xB0,0x25,
    0xAD,0x51,0x02,0xCD,0x51,0x8B,0xD0,0x18,0xAD,0x52,0x02,0xCD,0x52,0x8B,0xD0,0x10,
    0xAD,0x53,0x02,0xCD,0x53,0x8B,0xF0,0x0D,0xA2,0x50,0x20,0x75,0x99,0x4C,0xD5,0xE9,
    0xA2,0x50,0x20,0x9B,0x99,0xAD,0x54,0x02,0xCD,0x54,0x8B,0xD0,0x24,0xC9,0xEF,0xB0,
    0x25,0xAD,0x55,0x02,0xCD,0x55,0x8B,0xD0,0x18,0xAD,0x56,0x02,0xCD,0x56,0x8B,0xD0,
    0x10,0xAD,0x57,0x02,0xCD,0x57,0x8B,0xF0,0x0D,0xA2,0x54,0x20,0x75,0x99,0x4C,0x06,
    0xEA,0xA2,0x54,0x20,0x9B,0x99,0xAD,0x58,0x02,0xCD,0x58,0x8B,0xD0,0x24,0xC9,0xEF,
    0xB0,0x25,0xAD,0x59,0x02,0xCD,0x59,0x8B,0xD0,0x18,0xAD,0x5A,0x02,0xCD,0x5A,0x8B,
    0xD0,0x10,0xAD,0x5B,0x02,0xCD,0x5B,0x8B,0xF0,0x0D,0xA2,0x58,0x20,0x75,0x99,0x4C,
    0x37,0xEA,0xA2,0x58,0x20,0x9B,0x99,0xAD,0x5C,0x02,0xCD,0x5C,0x8B,0xD0,0x24,0xC9,
    0xEF,0xB0,0x25,0xAD,0x5D,0x02,0xCD,0x5D,0x8B,0xD0,0x18,0xAD,0x5E,0x02,0xCD,0x5E,
    0x8B,0xD0,0x10,0xAD,0x5F,0x02,0xCD,0x5F,0x8B,0xF0,0x0D,0xA2,0x5C,0x20,0x75,0x99,
    0x4C,0x68,0xEA,0xA2,0x5C,0x20,0x9B,0x99,0xAD,0x60,0x02,0xCD,0x60,0x8B,0xD0,0x24,
    0xC9,0xEF,0xB0,0x25,0xAD,0x61,0x02,0xCD,0x61,0x8B,0xD0,0x18,0xAD,0x62,0x02,0xCD,
    0x62,0x8B,0xD0,0x10,0xAD,0x63,0x02,0xCD,0x63,0x8B,0xF0,0x0D,0xA2,0x60,0x20,0x75,
    0x99,0x4C,0x99,0xEA,0xA2,0x60,0x20,0x9B,0x99,0xAD,0x64,0x02,0xCD,0x64,0x8B,0xD0,
    0x24,0xC9,0xEF,0xB0,0x25,0xAD,0x65,0x02,0xCD,0x65,0x8B,0xD0,0x18,0xAD,0x66,0x02,
    0xCD,0x66,0x8B,0xD0,0x10,0xAD,0x67,0x02,0xCD,0x67,0x8B,0xF0,0x0D,0xA2,0x64,0x20,
    0x75,0x99,0x4C,0xCA,0xEA,0xA2,0x64,0x20,0x9B,0x99,0xAD,0x68,0x02,0xCD,0x68,0x8B,
    0xD0,0x24,0xC9,0xEF,0xB0,0x25,0xAD,0x69,0x02,0xCD,0x69,0x8B,0xD0,0x18,0xAD,0x6A,
    0x02,0xCD,0x6A,0x8B,0xD0,0x10,0xAD,0x6B,0x02,0xCD,0x6B,0x8B,0xF0,0x0D,0xA2,0x68,
    0x20,0x75,0x99,0x4C,0xFB,0xEA,0xA2,0x68,0x20,0x9B,0x99,0xAD,0x6C,0x02,0xCD,0x6C,
    0x8B,0xD0,0x24,0xC9,0xEF,0xB0,0x25,0xAD,0x6D,0x02,0xCD,0x6D,0x8B,0xD0,0x18,0xAD,
    0x6E,0x02,0xCD,0x6E,0x8B,0xD0,0x10,0xAD,0x6F,0x02,0xCD,0x6F,0x8B,0xF0,0x0D,0xA2,
    0x6C,0x20,0x75,0x99,0x4C,0x2C,0xEB,0xA2,0x6C,0x20,0x9B,0x99,0xAD,0x70,0x02,0xCD,
    0x70,0x8B,0xD0,0x24,0xC9,0xEF,0xB0,0x25,0xAD,0x71,0x02,0xCD,0x71,0x8B,0xD0,0x18,
    0xAD,0x72,0x02,0xCD,0x72,0x8B,0xD0,0x10,0xAD,0x73,0x02,0xCD,0x73,0x8B,0xF0,0x0D,
    0xA2,0x70,0x20,0x75,0x99,0x4C,0x5D,0xEB,0xA2,0x70,0x20,0x9B,0x99,0xAD,0x74,0x02,
    0xCD,0x74,0x8B,0xD0,0x24,0xC9,0xEF,0xB0,0x25,0xAD,0x75,0x02,0xCD,0x75,0x8B,0xD0,
    0x18,0xAD,0x76,0x02,0xCD,0x76,0x8B,0xD0,0x10,0xAD,0x77,0x02,0xCD,0x77,0x8B,0xF0,
    0x0D,0xA2,0x74,0x20,0x75,0x99,0x4C,0x8E,0xEB,0xA2,0x74,0x20,0x9B,0x99,0xAD,0x78,
    0x02,0xCD,0x78,0x8B,0xD0,0x24,0xC9,0xEF,0xB0,0x25,0xAD,0x79,0x02,0xCD,0x79,0x8B,
    0xD0,0x18,0xAD,0x7A,0x02,0xCD,0x7A,0x8B,0xD0,0x10,0xAD,0x7B,0x02,0xCD,0x7B,0x8B,
    0xF0,0x0D,0xA2,0x78,0x20,0x75,0x99,0x4C,0xBF,0xEB,0xA2,0x78,0x20,0x9B,0x99,0xAD,
    0x7C,0x02,0xCD,0x7C,0x8B,0xD0,0x24,0xC9,0xEF,0xB0,0x25,0xAD,0x7D,0x02,0xCD,0x7D,
    0x8B,0xD0,0x18,0xAD,0x7E,0x02,0xCD,0x7E,0x8B,0xD0,0x10,0xAD,0x7F,0x02,0xCD,0x7F,
    0x8B,0xF0,0x0D,0xA2,0x7C,0x20,0x75,0x99,0x4C,0xF0,0xEB,0xA2,0x7C,0x20,0x9B,0x99,
    0xA9,0xFD,0x8D,0x01,0xC4,0xAD,0x80,0x02,0xCD,0x80,0x8B,0xD0,0x24,0xC9,0xEF,0xB0,
    0x25,0xAD,0x81,0x02,0xCD,0x81,0x8B,0xD0,0x18,0xAD,0x82,0x02,0xCD,0x82,0x8B,0xD0,
    0x10,0xAD,0x83,0x02,0xCD,0x83,0x8B,0xF0,0x0D,0xA2,0x80,0x20,0x75,0x99,0x4C,0x26,
    0xEC,0xA2,0x80,0x20,0x9B,0x99,0xAD,0x84,0x02,0xCD,0x84,0x8B,0xD0,0x24,0xC9,0xEF,
    0xB0,0x25,0xAD,0x85,0x02,0xCD,0x85,0x8B,0xD0,0x18,0xAD,0x86,0x02,0xCD,0x86,0x8B,
    0xD0,0x10,0xAD,0x87,0x02,0xCD,0x87,0x8B,0xF0,0x0D,0xA2,0x84,0x20,0x75,0x99,0x4C,
    0x57,0xEC,0xA2,0x84,0x20,0x9B,0x99,0xAD,0x88,0x02,0xCD,0x88,0x8B,0xD0,0x24,0xC9,
    0xEF,0xB0,0x25,0xAD,0x89,0x02,0xCD,0x89,0x8B,0xD0,0x18,0xAD,0x8A,0x02,0xCD,0x8A,
    0x8B,0xD0,0x10,0xAD,0x8B,0x02,0xCD,0x8B,0x8B,0xF0,0x0D,0xA2,0x88,0x20,0x75,0x99,
    0x4C,0x88,0xEC,0xA2,0x88,0x20,0x9B,0x99,0xAD,0x8C,0x02,0xCD,0x8C,0x8B,0xD0,0x24,
    0xC9,0xEF,0xB0,0x25,0xAD,0x8D,0x02,0xCD,0x8D,0x8B,0xD0,0x18,0xAD,0x8E,0x02,0xCD,
    0x8E,0x8B,0xD0,0x10,0xAD,0x8F,0x02,0xCD,0x8F,0x8B,0xF0,0x0D,0xA2,0x8C,0x20,0x75,
    0x99,0x4C,0xB9,0xEC,0xA2,0x8C,0x20,0x9B,0x99,0xAD,0x90,0x02,0xCD,0x90,0x8B,0xD0,
    0x24,0xC9,0xEF,0xB0,0x25,0xAD,0x91,0x02,0xCD,0x91,0x8B,0xD0,0x18,0xAD,0x92,0x02,
    0xCD,0x92,0x8B,0xD0,0x10,0xAD,0x93,0x02,0xCD,0x93,0x8B,0xF0,0x0D,0xA2,0x90,0x20,
    0x75,0x99,0x4C,0xEA,0xEC,0xA2,0x90,0x20,0x9B,0x99,0xAD,0x94,0x02,0xCD,0x94,0x8B,
    0xD0,0x24,0xC9,0xEF,0xB0,0x25,0xAD,0x95,0x02,0xCD,0x95,0x8B,0xD0,0x18,0xAD,0x96,
    0x02,0xCD,0x96,0x8B,0xD0,0x10,0xAD,0x97,0x02,0xCD,0x97,0x8B,0xF0,0x0D,0xA2,0x94,
    0x20,0x75,0x99,0x4C,0x1B,0xED,0xA2,0x94,0x20,0x9B,0x99,0xAD,0x98,0x02,0xCD,0x98,
    0x8B,0xD0,0x24,0xC9,0xEF,0xB0,0x25,0xAD,0x99,0x02,0xCD,0x99,0x8B,0xD0,0x18,0xAD,
    0x9A,0x02,0xCD,0x9A,0x8B,0xD0,0x10,0xAD,0x9B,0x02,0xCD,0x9B,0x8B,0xF0,0x0D,0xA2,
    0x98,0x20,0x75,0x99,0x4C,0x4C,0xED,0xA2,0x98,0x20,0x9B,0x99,0xAD,0x9C,0x02,0xCD,
    0x9C,0x8B,0xD0,0x24,0xC9,0xEF,0xB0,0x25,0xAD,0x9D,0x02,0xCD,0x9D,0x8B,0xD0,0x18,
    0xAD,0x9E,0x02,0xCD,0x9E,0x8B,0xD0,0x10,0xAD,0x9F,0x02,0xCD,0x9F,0x8B,0xF0,0x0D,
    0xA2,0x9C,0x20,0x75,0x99,0x4C,0x7D,0xED,0xA2,0x9C,0x20,0x9B,0x99,0xAD,0xA0,0x02,
    0xCD,0xA0,0x8B,0xD0,0x24,0xC9,0xEF,0xB0,0x25,0xAD,0xA1,0x02,0xCD,0xA1,0x8B,0xD0,
    0x18,0xAD,0xA2,0x02,0xCD,0xA2,0x8B,0xD0,0x10,0xAD,0xA3,0x02,0xCD,0xA3,0x8B,0xF0,
    0x0D,0xA2,0xA0,0x20,0x75,0x99,0x4C,0xAE,0xED,0xA2,0xA0,0x20,0x9B,0x99,0xAD,0xA4,
    0x02,0xCD,0xA4,0x8B,0xD0,0x24,0xC9,0xEF,0xB0,0x25,0xAD,0xA5,0x02,0xCD,0xA5,0x8B,
    0xD0,0x18,0xAD,0xA6,0x02,0xCD,0xA6,0x8B,0xD0,0x10,0xAD,0xA7,0x02,0xCD,0xA7,0x8B,
    0xF0,0x0D,0xA2,0xA4,0x20,0x75,0x99,0x4C,0xDF,0xED,0xA2,0xA4,0x20,0x9B,0x99,0xAD,
    0xA8,0x02,0xCD,0xA8,0x8B,0xD0,0x24,0xC9,0xEF,0xB0,0x25,0xAD,0xA9,0x02,0xCD,0xA9,
    0x8B,0xD0,0x18,0xAD,0xAA,0x02,0xCD,0xAA,0x8B,0xD0,0x10,0xAD,0xAB,0x02,0xCD,0xAB,
    0x8B,0xF0,0x0D,0xA2,0xA8,0x20,0x75,0x99,0x4C,0x10,0xEE,0xA2,0xA8,0x20,0x9B,0x99,
    0xAD,0xAC,0x02,0xCD,0xAC,0x8B,0xD0,0x24,0xC9,0xEF,0xB0,0x25,0xAD,0xAD,0x02,0xCD,
    0xAD,0x8B,0xD0,0x18,0xAD,0xAE,0x02,0xCD,0xAE,0x8B,0xD0,0x10,0xAD,0xAF,0x02,0xCD,
    0xAF,0x8B,0xF0,0x0D,0xA2,0xAC,0x20,0x75,0x99,0x4C,0x41,0xEE,0xA2,0xAC,0x20,0x9B,
    0x99,0xAD,0xB0,0x02,0xCD,0xB0,0x8B,0xD0,0x24,0xC9,0xEF,0xB0,0x25,0xAD,0xB1,0x02,
    0xCD,0xB1,0x8B,0xD0,0x18,0xAD,0xB2,0x02,0xCD,0xB2,0x8B,0xD0,0x10,0xAD,0xB3,0x02,
    0xCD,0xB3,0x8B,0xF0,0x0D,0xA2,0xB0,0x20,0x75,0x99,0x4C,0x72,0xEE,0xA2,0xB0,0x20,
    0x9B,0x99,0xAD,0xB4,0x02,0xCD,0xB4,0x8B,0xD0,0x24,0xC9,0xEF,0xB0,0x25,0xAD,0xB5,
    0x02,0xCD,0xB5,0x8B,0xD0,0x18,0xAD,0xB6,0x02,0xCD,0xB6,0x8B,0xD0,0x10,0xAD,0xB7,
    0x02,0xCD,0xB7,0x8B,0xF0,0x0D,0xA2,0xB4,0x20,0x75,0x99,0x4C,0xA3,0xEE,0xA2,0xB4,
    0x20,0x9B,0x99,0xAD,0xB8,0x02,0xCD,0xB8,0x8B,0xD0,0x24,0xC9,0xEF,0xB0,0x25,0xAD,
    0xB9,0x02,0xCD,0xB9,0x8B,0xD0,0x18,0xAD,0xBA,0x02,0xCD,0xBA,0x8B,0xD0,0x10,0xAD,
    0xBB,0x02,0xCD,0xBB,0x8B,0xF0,0x0D,0xA2,0xB8,0x20,0x75,0x99,0x4C,0xD4,0xEE,0xA2,
    0xB8,0x20,0x9B,0x99,0xAD,0xBC,0x02,0xCD,0xBC,0x8B,0xD0,0x24,0xC9,0xEF,0xB0,0x25,
    0xAD,0xBD,0x02,0xCD,0xBD,0x8B,0xD0,0x18,0xAD,0xBE,0x02,0xCD,0xBE,0x8B,0xD0,0x10,
    0xAD,0xBF,0x02,0xCD,0xBF,0x8B,0xF0,0x0D,0xA2,0xBC,0x20,0x75,0x99,0x4C,0x05,0xEF,
    0xA2,0xBC,0x20,0x9B,0x99,0xAD,0xC0,0x02,0xCD,0xC0,0x8B,0xD0,0x24,0xC9,0xEF,0xB0,
    0x25,0xAD,0xC1,0x02,0xCD,0xC1,0x8B,0xD0,0x18,0xAD,0xC2,0x02,0xCD,0xC2,0x8B,0xD0,
    0x10,0xAD,0xC3,0x02,0xCD,0xC3,0x8B,0xF0,0x0D,0xA2,0xC0,0x20,0x75,0x99,0x4C,0x36,
    0xEF,0xA2,0xC0,0x20,0x9B,0x99,0xAD,0xC4,0x02,0xCD,0xC4,0x8B,0xD0,0x24,0xC9,0xEF,
    0xB0,0x25,0xAD,0xC5,0x02,0xCD,0xC5,0x8B,0xD0,0x18,0xAD,0xC6,0x02,0xCD,0xC6,0x8B,
    0xD0,0x10,0xAD,0xC7,0x02,0xCD,0xC7,0x8B,0xF0,0x0D,0xA2,0xC4,0x20,0x75,0x99,0x4C,
    0x67,0xEF,0xA2,0xC4,0x20,0x9B,0x99,0xAD,0xC8,0x02,0xCD,0xC8,0x8B,0xD0,0x24,0xC9,
    0xEF,0xB0,0x25,0xAD,0xC9,0x02,0xCD,0xC9,0x8B,0xD0,0x18,0xAD,0xCA,0x02,0xCD,0xCA,
    0x8B,0xD0,0x10,0xAD,0xCB,0x02,0xCD,0xCB,0x8B,0xF0,0x0D,0xA2,0xC8,0x20,0x75,0x99,
    0x4C,0x98,0xEF,0xA2,0xC8,0x20,0x9B,0x99,0xAD,0xCC,0x02,0xCD,0xCC,0x8B,0xD0,0x24,
    0xC9,0xEF,0xB0,0x25,0xAD,0xCD,0x02,0xCD,0xCD,0x8B,0xD0,0x18,0xAD,0xCE,0x02,0xCD,
    0xCE,0x8B,0xD0,0x10,0xAD,0xCF,0x02,0xCD,0xCF,0x8B,0xF0,0x0D,0xA2,0xCC,0x20,0x75,
    0x99,0x4C,0xC9,0xEF,0xA2,0xCC,0x20,0x9B,0x99,0xAD,0xD0,0x02,0xCD,0xD0,0x8B,0xD0,
    0x24,0xC9,0xEF,0xB0,0x25,0xAD,0xD1,0x02,0xCD,0xD1,0x8B,0xD0,0x18,0xAD,0xD2,0x02,
    0xCD,0xD2,0x8B,0xD0,0x10,0xAD,0xD3,0x02,0xCD,0xD3,0x8B,0xF0,0x0D,0xA2,0xD0,0x20,
    0x75,0x99,0x4C,0xFA,0xEF,0xA2,0xD0,0x20,0x9B,0x99,0xAD,0xD4,0x02,0xCD,0xD4,0x8B,
    0xD0,0x24,0xC9,0xEF,0xB0,0x25,0xAD,0xD5,0x02,0xCD,0xD5,0x8B,0xD0,0x18,0xAD,0xD6,
    0x02,0xCD,0xD6,0x8B,0xD0,0x10,0xAD,0xD7,0x02,0xCD,0xD7,0x8B,0xF0,0x0D,0xA2,0xD4,
    0x20,0x75,0x99,0x4C,0x2B,0xF0,0xA2,0xD4,0x20,0x9B,0x99,0xAD,0xD8,0x02,0xCD,0xD8,
    0x8B,0xD0,0x24,0xC9,0xEF,0xB0,0x25,0xAD,0xD9,0x02,0xCD,0xD9,0x8B,0xD0,0x18,0xAD,
    0xDA,0x02,0xCD,0xDA,0x8B,0xD0,0x10,0xAD,0xDB,0x02,0xCD,0xDB,0x8B,0xF0,0x0D,0xA2,
    0xD8,0x20,0x75,0x99,0x4C,0x5C,0xF0,0xA2,0xD8,0x20,0x9B,0x99,0xAD,0xDC,0x02,0xCD,
    0xDC,0x8B,0xD0,0x24,0xC9,0xEF,0xB0,0x25,0xAD,0xDD,0x02,0xCD,0xDD,0x8B,0xD0,0x18,
    0xAD,0xDE,0x02,0xCD,0xDE,0x8B,0xD0,0x10,0xAD,0xDF,0x02,0xCD,0xDF,0x8B,0xF0,0x0D,
    0xA2,0xDC,0x20,0x75,0x99,0x4C,0x8D,0xF0,0xA2,0xDC,0x20,0x9B,0x99,0xAD,0xE0,0x02,
    0xCD,0xE0,0x8B,0xD0,0x24,0xC9,0xEF,0xB0,0x25,0xAD,0xE1,0x02,0xCD,0xE1,0x8B,0xD0,
    0x18,0xAD,0xE2,0x02,0xCD,0xE2,0x8B,0xD0,0x10,0xAD,0xE3,0x02,0xCD,0xE3,0x8B,0xF0,
    0x0D,0xA2,0xE0,0x20,0x75,0x99,0x4C,0xBE,0xF0,0xA2,0xE0,0x20,0x9B,0x99,0xAD,0xE4,
    0x02,0xCD,0xE4,0x8B,0xD0,0x24,0xC9,0xEF,0xB0,0x25,0xAD,0xE5,0x02,0xCD,0xE5,0x8B,
    0xD0,0x18,0xAD,0xE6,0x02,0xCD,0xE6,0x8B,0xD0,0x10,0xAD,0xE7,0x02,0xCD,0xE7,0x8B,
    0xF0,0x0D,0xA2,0xE4,0x20,0x75,0x99,0x4C,0xEF,0xF0,0xA2,0xE4,0x20,0x9B,0x99,0xAD,
    0xE8,0x02,0xCD,0xE8,0x8B,0xD0,0x24,0xC9,0xEF,0xB0,0x25,0xAD,0xE9,0x02,0xCD,0xE9,
    0x8B,0xD0,0x18,0xAD,0xEA,0x02,0xCD,0xEA,0x8B,0xD0,0x10,0xAD,0xEB,0x02,0xCD,0xEB,
    0x8B,0xF0,0x0D,0xA2,0xE8,0x20,0x75,0x99,0x4C,0x20,0xF1,0xA2,0xE8,0x20,0x9B,0x99,
    0xAD,0xEC,0x02,0xCD,0xEC,0x8B,0xD0,0x24,0xC9,0xEF,0xB0,0x25,0xAD,0xED,0x02,0xCD,
    0xED,0x8B,0xD0,0x18,0xAD,0xEE,0x02,0xCD,0xEE,0x8B,0xD0,0x10,0xAD,0xEF,0x02,0xCD,
    0xEF,0x8B,0xF0,0x0D,0xA2,0xEC,0x20,0x75,0x99,0x4C,0x51,0xF1,0xA2,0xEC,0x20,0x9B,
    0x99,0xAD,0xF0,0x02,0xCD,0xF0,0x8B,0xD0,0x24,0xC9,0xEF,0xB0,0x25,0xAD,0xF1,0x02,
    0xCD,0xF1,0x8B,0xD0,0x18,0xAD,0xF2,0x02,0xCD,0xF2,0x8B,0xD0,0x10,0xAD,0xF3,0x02,
    0xCD,0xF3,0x8B,0xF0,0x0D,0xA2,0xF0,0x20,0x75,0x99,0x4C,0x82,0xF1,0xA2,0xF0,0x20,
    0x9B,0x99,0xAD,0xF4,0x02,0xCD,0xF4,0x8B,0xD0,0x24,0xC9,0xEF,0xB0,0x25,0xAD,0xF5,
    0x02,0xCD,0xF5,0x8B,0xD0,0x18,0xAD,0xF6,0x02,0xCD,0xF6,0x8B,0xD0,0x10,0xAD,0xF7,
    0x02,0xCD,0xF7,0x8B,0xF0,0x0D,0xA2,0xF4,0x20,0x75,0x99,0x4C,0xB3,0xF1,0xA2,0xF4,
    0x20,0x9B,0x99,0xAD,0xF8,0x02,0xCD,0xF8,0x8B,0xD0,0x24,0xC9,0xEF,0xB0,0x25,0xAD,
    0xF9,0x02,0xCD,0xF9,0x8B,0xD0,0x18,0xAD,0xFA,0x02,0xCD,0xFA,0x8B,0xD0,0x10,0xAD,
    0xFB,0x02,0xCD,0xFB,0x8B,0xF0,0x0D,0xA2,0xF8,0x20,0x75,0x99,0x4C,0xE4,0xF1,0xA2,
    0xF8,0x20,0x9B,0x99,0xAD,0xFC,0x02,0xCD,0xFC,0x8B,0xD0,0x24,0xC9,0xEF,0xB0,0x25,
    0xAD,0xFD,0x02,0xCD,0xFD,0x8B,0xD0,0x18,0xAD,0xFE,0x02,0xCD,0xFE,0x8B,0xD0,0x10,
    0xAD,0xFF,0x02,0xCD,0xFF,0x8B,0xF0,0x0D,0xA2,0xFC,0x20,0x75,0x99,0x4C,0x15,0xF2,
    0xA2,0xFC,0x20,0x9B,0x99,0x60,0xA9,0xF8,0xA0,0x00,0x8D,0x00,0x02,0x8D,0x04,0x02,
    0x8D,0x08,0x02,0x8D,0x0C,0x02,0x8D,0x10,0x02,0x8D,0x14,0x02,0x8D,0x18,0x02,0x8D,
    0x1C,0x02,0x8D,0x20,0x02,0x8D,0x24,0x02,0x8D,0x28,0x02,0x8D,0x2C,0x02,0x8D,0x30,
    0x02,0x8D,0x34,0x02,0x8D,0x38,0x02,0x8D,0x3C,0x02,0x8D,0x40,0x02,0x8D,0x44,0x02,
    0x8D,0x48,0x02,0x8D,0x4C,0x02,0x8D,0x50,0x02,0x8D,0x54,0x02,0x8D,0x58,0x02,0x8D,
    0x5C,0x02,0x8D,0x60,0x02,0x8D,0x64,0x02,0x8D,0x68,0x02,0x8D,0x6C,0x02,0x8D,0x70,
    0x02,0x8D,0x74,0x02,0x8D,0x78,0x02,0x8D,0x7C,0x02,0x8D,0x80,0x02,0x8D,0x84,0x02,
    0x8D,0x88,0x02,0x8D,0x8C,0x02,0x8D,0x90,0x02,0x8D,0x94,0x02,0x8D,0x98,0x02,0x8D,
    0x9C,0x02,0x8D,0xA0,0x02,0x8D,0xA4,0x02,0x8D,0xA8,0x02,0x8D,0xAC,0x02,0x8D,0xB0,
    0x02,0x8D,0xB4,0x02,0x8D,0xB8,0x02,0x8D,0xBC,0x02,0x8D,0xC0,0x02,0x8D,0xC4,0x02,
    0x8D,0xC8,0x02,0x8D,0xCC,0x02,0x8D,0xD0,0x02,0x8D,0xD4,0x02,0x8D,0xD8,0x02,0x8D,
    0xDC,0x02,0x8D,0xE0,0x02,0x8D,0xE4,0x02,0x8D,0xE8,0x02,0x8D,0xEC,0x02,0x8D,0xF0,
    0x02,0x8D,0xF4,0x02,0x8D,0xF8,0x02,0x8D,0xFC,0x02,0x60,0xAD,0xE9,0x06,0xCD,0x2D,
    0xF3,0xD0,0x1B,0xAD,0xEA,0x06,0xCD,0x2E,0xF3,0xD0,0x13,0xAD,0xEB,0x06,0xCD,0x2F,
    0xF3,0xD0,0x0B,0xAD,0xE9,0x06,0x18,0x69,0x08,0xCD,0xF4,0x06,0xF0,0x2E,0xAD,0xE9,
    0x06,0x8D,0x2D,0xF3,0xAD,0xEA,0x06,0x8D,0x2E,0xF3,0xAD,0xEB,0x06,0x8D,0x2F,0xF3,
    0xA2,0x08,0xA0,0x02,0xB9,0xE9,0x06,0x9D,0xF1,0x06,0x18,0x69,0x08,0x9D,0xF2,0x06,
    0x18,0x69,0x08,0x9D,0xF3,0x06,0xCA,0xCA,0xCA,0x88,0x10,0xE8,0x60,0x00,0x00,0x00,
    0xAD,0x5E,0xF3,0x8D,0x03,0xC4,0xA9,0x0B,0x8D,0x03,0xC4,0xAD,0x5F,0xF3,0x8D,0x03,
    0xC4,0xA9,0x00,0x8D,0x03,0xC4,0xAD,0x60,0xF3,0x8D,0x03,0xC4,0xA9,0x00,0x8D,0x03,
    0xC4,0xAD,0x61,0xF3,0x8D,0x03,0xC4,0xAD,0x62,0xF3,0x8D,0x03,0xC4,0x60,0x00,0x00,
    0x00,0x00,0x00,0xC0,0x54,0xF0,0x0A,0xBD,0xFD,0x01,0xC9,0x7F,0xD0,0x03,0x4C,0x59,
    0x9A,0xA9,0x58,0x8D,0x5E,0xF3,0xBD,0x03,0x02,0x8D,0x5F,0xF3,0xA5,0x54,0x18,0x69,
    0x01,0x8D,0x60,0xF3,0xBD,0x02,0x02,0x29,0x20,0xF0,0x04,0xA9,0x05,0xD0,0x02,0xA9,
    0x0D,0x8D,0x61,0xF3,0xA9,0x5D,0x8D,0x62,0xF3,0x20,0x30,0xF3,0x4C,0x66,0x9A,0xBD,
    0x02,0x02,0x8D,0x04,0xF4,0x98,0x38,0xE9,0xBE,0x8D,0x05,0xF4,0xA8,0xAD,0x04,0xF4,
    0x10,0x05,0x98,0x18,0x69,0x0F,0xA8,0xB9,0x06,0xF4,0xC9,0xFF,0xF0,0x43,0x8D,0x5E,
    0xF3,0xA5,0x54,0x18,0x79,0x42,0xF4,0x18,0x69,0x01,0x8D,0x60,0xF3,0xAC,0x05,0xF4,
    0xAD,0x04,0xF4,0x29,0x40,0xD0,0x09,0x98,0x18,0x69,0x0F,0xA8,0xA9,0x0C,0xD0,0x02,
    0xA9,0x0D,0x2C,0x04,0xF4,0x10,0x02,0x09,0x02,0x8D,0x61,0xF3,0xBD,0x03,0x02,0x18,
    0x79,0x24,0xF4,0x8D,0x5F,0xF3,0xA9,0x5D,0x8D,0x62,0xF3,0x20,0x30,0xF3,0x4C,0x66,
    0x9A,0x4C,0x59,0x9A,0x00,0x00,0xFF,0xFF,0x00,0xFF,0x08,0x10,0xFF,0x14,0xFF,0xFF,
    0xFF,0x04,0xFF,0xFF,0xFF,0xFF,0xFF,0x00,0xFF,0x08,0x14,0xFF,0x10,0xFF,0xFF,0xFF,
    0x04,0xFF,0xFF,0xFF,0x00,0x00,0x00,0x00,0xF8,0x00,0x00,0x00,0x00,0x00,0x00,0x00,
    0x00,0x00,0x00,0x00,0x00,0xF8,0x00,0x00,0xF8,0x00,0xF8,0x00,0x00,0x00,0xF8,0x00,
    0x00,0x00,0x00,0x00,0xF8,0x00,0x00,0xF8,0x00,0x00,0x00,0x00,0x00,0xF8,0x00,0x00,
    0x00,0x00,0x00,0x00,0x00,0xF8,0xF0,0x00,0x08,0x00,0x00,0x00,0x00,0x00,0x00,0x00,
    0x8A,0x29,0x04,0xD0,0x2C,0xA9,0x1B,0x8D,0x5E,0xF3,0xBD,0x03,0x02,0x8D,0x5F,0xF3,
    0xA5,0x54,0x18,0x69,0x01,0x8D,0x60,0xF3,0x98,0x29,0x01,0xF0,0x04,0xA9,0x0F,0xD0,
    0x02,0xA9,0x0C,0x8D,0x61,0xF3,0xA9,0x5D,0x8D,0x62,0xF3,0x20,0x30,0xF3,0x4C,0x66,
    0x9A,0x4C,0x59,0x9A,0xA9,0x30,0x8D,0x5E,0xF3,0xBD,0x03,0x02,0x8D,0x5F,0xF3,0xA5,
    0x54,0x18,0x69,0x01,0x8D,0x60,0xF3,0xA9,0x0C,0x8D,0x61,0xF3,0xA9,0x1B,0x8D,0x62,
    0xF3,0x20,0x30,0xF3,0x4C,0x66,0x9A,0xA9,0x00,0x8D,0xF2,0xF4,0xAD,0x73,0x07,0xC9,
    0x0C,0xB0,0x1E,0xAC,0xD6,0x06,0xCC,0xF1,0xF4,0xF0,0x25,0xAD,0xF1,0xF4,0x8C,0xF1,
    0xF4,0xC9,0x04,0x90,0x04,0xC9,0x07,0x90,0x17,0xC0,0x04,0x90,0x13,0xC0,0x07,0xB0,
    0x0F,0xEE,0xF2,0xF4,0xA2,0x3F,0xA9,0xAA,0x9D,0x36,0xF5,0xCA,0xE0,0x07,0xD0,0xF8,
    0x60,0x00,0x00,0xAD,0x29,0xF5,0x29,0x03,0xC9,0x03,0x60,0xAD,0xF2,0xF4,0xD0,0x23,
    0xAD,0x29,0xF5,0xC9,0x24,0xB0,0x1F,0xAD,0x70,0x07,0xF0,0x17,0xC9,0x03,0xF0,0x13,
    0xAD,0x72,0x07,0xC9,0x03,0x90,0x0C,0xAD,0x29,0xF5,0xC9,0x20,0xD0,0x08,0xAD,0x2A,
    0xF5,0x30,0x03,0xA9,0x01,0x60,0xA9,0x00,0x60,0x00,0x00,0x00,0x00,0x00,0x00,0x00,
    0x00,0x00,0x00,0x00,0x00,0x00,0x00,0x00,0x00,0x00,0x00,0x00,0x00,0x00,0x00,0x00,
    0x00,0x00,0x00,0x00,0x00,0x00,0x00,0x00,0x00,0x00,0x00,0x00,0x00,0x00,0x00,0x00,
    0x00,0x00,0x00,0x00,0x00,0x00,0x00,0x00,0x00,0x00,0x00,0x00,0x00,0x00,0x00,0x00,
    0x00,0x00,0x00,0x00,0x00,0x00,0x00,0x00,0x00,0x00,0x00,0x00,0x00,0x00,0x00,0x00,
    0x00,0x00,0x00,0x00,0x00,0x00,0xA5,0x00,0x8D,0x30,0xF5,0xA5,0x01,0x8D,0x31,0xF5,
    0xA0,0x00,0xB1,0x00,0xD0,0x03,0x4C,0xEA,0xF5,0x8D,0x29,0xF5,0xC8,0xB1,0x00,0x8D,
    0x2A,0xF5,0xC8,0xB1,0x00,0x8D,0x2B,0xF5,0x29,0x3F,0x8D,0x2C,0xF5,0x20,0xF3,0xF4,
    0xD0,0x2F,0xEA,0xEA,0xAD,0x2A,0xF5,0xC9,0xC0,0x90,0x26,0x38,0xE9,0xC0,0xAA,0xAD,
    0x2C,0xF5,0xF0,0x1D,0x8D,0x2F,0xF5,0xA0,0x03,0x2C,0x2B,0xF5,0x50,0x02,0xA0,0x03,
    0xB1,0x00,0x9D,0x36,0xF5,0xE8,0x2C,0x2B,0xF5,0x70,0x01,0xC8,0xCE,0x2F,0xF5,0xD0,
    0xE8,0xA9,0x01,0x2C,0x2B,0xF5,0x70,0x03,0xAD,0x2C,0xF5,0x18,0x69,0x03,0x18,0x65,
    0x00,0x85,0x00,0x90,0x02,0xE6,0x01,0x4C,0x80,0xF5,0xAD,0x30,0xF5,0x85,0x00,0xAD,
    0x31,0xF5,0x85,0x01,0xA0,0x00,0xB1,0x00,0xD0,0x03,0x4C,0x00,0xF7,0x8D,0x29,0xF5,
    0xC8,0xB1,0x00,0x8D,0x2A,0xF5,0xC8,0xB1,0x00,0x8D,0x2B,0xF5,0x29,0x3F,0x8D,0x2C,
    0xF5,0xAD,0x29,0xF5,0xC9,0x20,0x90,0x17,0xC9,0x28,0xB0,0x13,0x20,0xF3,0xF4,0xD0,
    0x09,0xEA,0xEA,0xAD,0x2A,0xF5,0xC9,0xC0,0xB0,0x05,0x20,0xFB,0xF4,0xD0,0x1C,0x4C,
    0xE7,0xF6,0xEA,0xEA,0xEA,0xEA,0xEA,0xEA,0xEA,0xEA,0xEA,0xEA,0xEA,0xEA,0xEA,0xEA,
    0xEA,0xEA,0xEA,0xEA,0xEA,0xEA,0xEA,0xEA,0xEA,0xEA,0xEA,0xAD,0x2A,0xF5,0x29,0x1F,
    0x8D,0x33,0xF5,0xAD,0x29,0xF5,0x29,0x03,0x0A,0x0A,0x0A,0x8D,0x32,0xF5,0xAD,0x2A,
    0xF5,0x4A,0x4A,0x4A,0x4A,0x4A,0x0D,0x32,0xF5,0x8D,0x32,0xF5,0xAD,0x2A,0xF5,0x0A,
    0x8D,0x2D,0xF5,0xAD,0x29,0xF5,0x29,0x03,0x2A,0x18,0x69,0x10,0x8D,0x2E,0xF5,0xAD,
    0x2C,0xF5,0xF0,0xAB,0x8D,0x2F,0xF5,0xA0,0x03,0xAD,0x2D,0xF5,0x8D,0x00,0xC4,0xAD,
    0x2E,0xF5,0x8D,0x01,0xC4,0xA9,0x10,0x8D,0x02,0xC4,0x2C,0x2B,0xF5,0x50,0x02,0xA0,
    0x03,0xB1,0x00,0x8D,0x03,0xC4,0x8C,0x35,0xF5,0x20,0x01,0xF7,0xAC,0x35,0xF5,0x8D,
    0x03,0xC4,0x2C,0x2B,0xF5,0x70,0x01,0xC8,0x2C,0x2B,0xF5,0x10,0x14,0xEE,0x32,0xF5,
    0xAD,0x2D,0xF5,0x18,0x69,0x40,0x8D,0x2D,0xF5,0x90,0x17,0xEE,0x2E,0xF5,0x4C,0xE2,
    0xF6,0xEE,0x33,0xF5,0xAD,0x2D,0xF5,0x18,0x69,0x02,0x8D,0x2D,0xF5,0x90,0x03,0xEE,
    0x2E,0xF5,0xCE,0x2F,0xF5,0xD0,0xA2,0xA9,0x01,0x2C,0x2B,0xF5,0x70,0x03,0xAD,0x2C,
    0xF5,0x18,0x69,0x03,0x18,0x65,0x00,0x85,0x00,0x90,0x02,0xE6,0x01,0x4C,0xF4,0xF5,
    0x60,0xAD,0x32,0xF5,0x4A,0x4A,0x0A,0x0A,0x0A,0x8D,0x34,0xF5,0xAD,0x33,0xF5,0x4A,
    0x4A,0x18,0x6D,0x34,0xF5,0xAA,0xAD,0x32,0xF5,0x29,0x02,0x8D,0x34,0xF5,0xAD,0x33,
    0xF5,0x29,0x02,0x4A,0x0D,0x34,0xF5,0x0A,0x8D,0x34,0xF5,0xBD,0x36,0xF5,0xAC,0x34,
    0xF5,0xF0,0x04,0x4A,0x88,0xD0,0xFC,0x29,0x03,0x0A,0x0A,0x0A,0x0A,0x09,0x40,0x60,
    0x4C,0x7F,0x94,0xEA,0xEA,0xEA,0xEA,0xEA,0xEA,0xEA,0xEA,0xEA,0xEA,0xEA,0xEA,0xEA,
    0xEA,0xEA,0xEA,0xEA,0xEA,0xEA,0xEA,0xAD,0x47,0x99,0x0A,0x0A,0x8D,0xAA,0xF7,0x0A,
    0x18,0x6D,0xAA,0xF7,0xAA,0xBD,0xAB,0xF7,0x8D,0xA8,0xF7,0xBD,0xAC,0xF7,0x8D,0xA9,
    0xF7,0xA9,0x26,0x8D,0x00,0xC4,0xA9,0xFA,0x8D,0x01,0xC4,0xA9,0x11,0x8D,0x02,0xC4,
    0xA0,0x0C,0xBD,0xAB,0xF7,0x8D,0x03,0xC4,0xE8,0x88,0xD0,0xF6,0xA9,0xE2,0x8D,0x00,
    0xC4,0xA9,0xFA,0x8D,0x01,0xC4,0xA9,0x11,0x8D,0x02,0xC4,0xAD,0xA8,0xF7,0x8D,0x03,
    0xC4,0xAD,0xA9,0xF7,0x8D,0x03,0xC4,0x60,0x00,0x00,0x00,0xF3,0x0F,0x90,0x0F,0x40,
    0x0C,0xB3,0x0D,0x71,0x09,0x40,0x06,0xF9,0x0F,0xD3,0x0F,0x61,0x0E,0xD5,0x0F,0x93,
    0x0B,0x52,0x08,0xFF,0x0F,0xF9,0x0F,0x73,0x0F,0xF7,0x0F,0xB5,0x0D,0x73,0x09,0x20,
    0xDF,0xB9,0xAD,0x56,0x07,0xC9,0x02,0xD0,0x04,0xE8,0xE8,0xE8,0xE8,0xEC,0x21,0xF8,
    0xF0,0x2A,0x8E,0x21,0xF8,0x8A,0x0A,0x0A,0x8D,0x22,0xF8,0x0A,0x18,0x6D,0x22,0xF8,
    0xAA,0xA9,0x34,0x8D,0x00,0xC4,0xA9,0xFB,0x8D,0x01,0xC4,0xA9,0x11,0x8D,0x02,0xC4,
    0xA0,0x0C,0xBD,0x23,0xF8,0x8D,0x03,0xC4,0xE8,0x88,0xD0,0xF6,0x60,0xEA,0xEA,0xEA,
    0xEA,0xEA,0xEA,0xEA,0xEA,0xEA,0xEA,0xEA,0xEA,0xEA,0xEA,0xEA,0xEA,0xEA,0xEA,0xEA,
    0xEA,0xFF,0x00,0x00,0x0A,0x01,0x0C,0x23,0x0F,0x8E,0x07,0x5B,0x04,0x38,0x03,0x0A,
    0x00,0x1C,0x00,0x3F,0x02,0xE7,0x08,0xB4,0x05,0x83,0x03,0xA0,0x00,0xC0,0x01,0xF2,
    0x03,0x78,0x0E,0x45,0x0B,0x33,0x08,0xFF,0x05,0xFE,0x03,0xDC,0x00,0x71,0x08,0xA4,
    0x0B,0xC7,0x0C,0xB7,0x0C,0xD9,0x0E,0xEC,0x0F,0x61,0x0F,0x00,0x0E,0x00,0x0A,0x7C,
    0x0B,0x9E,0x0D,0xCF,0x0E,0x1F,0x06,0x0E,0x00,0x0A,0x00,0xCB,0x07,0xED,0x09,0xFE,
    0x0C,0xF6,0x01,0xE0,0x00,0xA0,0x00,0x48,0x03,0x26,0x01,0x13,0x00,0x9E,0x00,0xFF,
    0x01,0xFF,0x05,0xA9,0x00,0x8D,0x00,0xC4,0xA9,0x11,0x8D,0x01,0xC4,0xA9,0x10,0x8D,
    0x02,0xC4,0xA2,0x1A,0xA0,0x20,0xA9,0x24,0x8D,0x03,0xC4,0xA9,0x80,0x8D,0x03,0xC4,
    0x88,0xD0,0xF3,0xCA,0xD0,0xEE,0x60,0xA9,0x00,0x8D,0x00,0xC4,0xA9,0x80,0x8D,0x01,
    0xC4,0xA9,0x10,0x8D,0x02,0xC4,0xA2,0x20,0xA9,0x88,0x8D,0x03,0xC4,0xCA,0xD0,0xF8,
    0x60,0xAD,0x02,0xFE,0x20,0x83,0xF8,0xA9,0x00,0x8D,0x00,0xC4,0xA9,0x02,0x8D,0x01,
    0xC4,0xA9,0x10,0x8D,0x02,0xC4,0xA2,0x07,0xA0,0x00,0xA9,0x00,0x8D,0x03,0xC4,0xA9,
    0x43,0x8D,0x03,0xC4,0x88,0xD0,0xF3,0xCA,0xD0,0xEE,0x20,0xBB,0x94,0x4C,0x1C,0x16,
    0xA9,0x01,0x8D,0x8E,0x92,0xAD,0x70,0x07,0xF0,0x19,0xC9,0x02,0xD0,0x12,0xAD,0x72,
    0x07,0xC9,0x03,0x90,0x0B,0xAD,0x14,0xF9,0xD0,0x06,0xEE,0x14,0xF9,0x20,0x83,0xF8,
    0x4C,0x2B,0xF9,0x60,0x00,0xA9,0x00,0x8D,0x14,0xF9,0xAD,0x8E,0x92,0xF0,0x0B,0xA9,
    0x00,0x8D,0x8E,0x92,0x20,0x83,0xF8,0x4C,0xBB,0x94,0x60,0xA9,0x00,0x8D,0x00,0xC4,
    0xA9,0xFA,0x8D,0x01,0xC4,0xA9,0x11,0x8D,0x02,0xC4,0xA9,0x00,0x8D,0x03,0xC4,0x8D,
    0x03,0xC4,0x60,0xA0,0x00,0x98,0x29,0x07,0xD0,0x15,0x98,0x4A,0x4A,0x4A,0xAA,0xBD,
    0x6B,0xF9,0x8D,0x00,0xC4,0xA9,0xFA,0x8D,0x01,0xC4,0xA9,0x11,0x8D,0x02,0xC4,0xB9,
    0x6F,0xF9,0x8D,0x03,0xC4,0xC8,0xC0,0x20,0xD0,0xDB,0x60,0x80,0xA0,0xC0,0xE0,0xEF,
    0x07,0xFF,0x0F,0x22,0x02,0xEF,0x0C,0x00,0x00,0xBB,0x0F,0x70,0x0A,0x00,0x00,0xCE,
    0x04,0xFF,0x0F,0x22,0x02,0xEA,0x0F,0x00,0x00,0xF3,0x0F,0x90,0x0F,0x00,0x00,0xA2,
    0x00,0x8A,0x29,0x20,0xF0,0x04,0xA9,0x04,0xD0,0x02,0xA9,0x0C,0x8D,0xC5,0xF9,0x8A,
    0x29,0x80,0xF0,0x08,0xAD,0xC5,0xF9,0x09,0x02,0x8D,0xC5,0xF9,0x8A,0x29,0x40,0xF0,
    0x08,0xAD,0xC5,0xF9,0x09,0x01,0x8D,0xC5,0xF9,0xAD,0xC5,0xF9,0x9D,0x00,0x8D,0xE8,
    0xD0,0xCF,0x4C,0xC6,0xF9,0x00,0xA2,0x00,0x8A,0x29,0x0F,0x8D,0x07,0xFA,0x8A,0x4A,
    0x4A,0x4A,0x4A,0x8D,0x08,0xFA,0xA9,0x00,0x8D,0x09,0xFA,0xA0,0x04,0xAD,0x07,0xFA,
    0xF0,0x06,0xCE,0x07,0xFA,0x4C,0xF1,0xF9,0xAD,0x08,0xFA,0x8D,0x07,0xFA,0xEE,0x09,
    0xFA,0x88,0xD0,0xE9,0xAD,0x07,0xFA,0x9D,0x00,0x8E,0xA9,0x00,0x38,0xED,0x09,0xFA,
    0x9D,0x00,0x8F,0xE8,0xD0,0xC2,0x60,0x00,0x00,0x00,0x00,0x00,0x05,0x01,0x00,0x05,
    0x02,0x00,0x05,0x03,0x00,0x05,0x04,0x00,0x05,0x05,0x00,0x05,0x06,0x00,0x05,0x07,
    0x00,0x05,0x08,0x00,0x05,0x09,0x00,0x05,0x0A,0x00,0x05,0x0B,0x00,0x05,0x0C,0x00,
    0x05,0x0D,0x00,0x05,0x0E,0x00,0x05,0x0F,0x00,0x05,0x10,0x00,0x05,0x11,0x00,0x05,
    0x12,0x00,0x05,0x13,0x00,0x05,0x14,0x00,0x05,0x15,0x00,0x05,0x16,0x00,0x05,0x17,
    0x00,0x05,0x18,0x00,0x05,0x19,0x00,0x05,0x1A,0x00,0x05,0x1B,0x00,0x05,0x1C,0x00,
    0x05,0x1D,0x00,0x05,0x1E,0x00,0x05,0x1F,0x00,0x05,0x20,0x00,0x05,0x21,0x00,0x05,
    0x22,0x00,0x05,0x23,0x00,0x05,0x24,0x00,0x05,0x25,0x00,0x05,0x26,0x00,0x05,0x27,
    0x00,0x05,0x2A,0x00,0x05,0x2B,0x00,0x05,0x2C,0x00,0x05,0x2D,0x00,0x05,0x2E,0x00,
    0x05,0x2F,0x00,0x05,0x3C,0x00,0x05,0x3D,0x00,0x05,0x35,0x00,0x05,0x36,0x00,0x05,
    0x64,0x00,0x05,0x65,0x00,0x05,0x66,0x00,0x05,0x67,0x00,0x05,0x6C,0x00,0x05,0x6D,
    0x00,0x05,0x6E,0x00,0x05,0x6F,0x00,0x05,0x74,0x00,0x05,0x76,0x00,0x05,0x77,0x00,
    0x05,0x7C,0x00,0x05,0x7D,0x00,0x05,0x7E,0x00,0x05,0x7F,0x00,0x05,0x85,0x00,0x05,
    0x86,0x00,0x05,0x87,0x00,0x05,0x8E,0x00,0x05,0x8F,0x00,0x05,0x96,0x00,0x05,0x97,
    0x00,0x05,0x9E,0x00,0x05,0x9F,0x00,0x05,0xCC,0x00,0x05,0xCE,0x00,0x05,0xC4,0x00,
    0x05,0xC5,0x00,0x05,0xC6,0x00,0x05,0xBE,0x00,0x05,0xFF,0xFF,0xFF,0x24,0x01,0x07,
    0x25,0x01,0x07,0x26,0x01,0x07,0x20,0x01,0x07,0x21,0x01,0x07,0x22,0x01,0x07,0x23,
    0x01,0x07,0x54,0x00,0x05,0x55,0x00,0x05,0x56,0x00,0x05,0x0C,0x01,0x07,0x46,0x00,
    0x05,0x47,0x00,0x05,0x4E,0x00,0x05,0x4F,0x00,0x05,0x4C,0x01,0x07,0x4D,0x01,0x07,
    0x4E,0x01,0x07,0x4F,0x01,0x07,0xBE,0x01,0x08,0xBF,0x01,0x08,0x48,0x01,0x07,0x5D,
    0x01,0x07,0x5F,0x01,0x07,0x69,0x01,0x08,0x6A,0x01,0x08,0x6B,0x01,0x09,0x6C,0x01,
    0x09,0x6D,0x01,0x06,0x6E,0x01,0x09,0x6F,0x01,0x09,0xC6,0x01,0x06,0xC7,0x01,0x06,
    0xC8,0x01,0x06,0xC9,0x01,0x06,0x27,0x01,0x07,0x37,0x01,0x07,0xE9,0x01,0x0A,0xEA,
    0x01,0x0A,0x78,0x01,0x0A,0x79,0x01,0x0A,0x7A,0x01,0x0A,0x7B,0x01,0x0A,0x7C,0x01,
    0x09,0x7D,0x01,0x09,0xFF,0xFF,0xFF,0xFF,0xFF,0xFF,0xFF,0xFF,0xFF,0xFF,0xFF,0xFF,
    0xFF,0xFF,0xFF,0xFF,0xFF,0xFF,0x1F,0x01,0x07,0x45,0x01,0x0B,0x47,0x01,0x0B,0x57,
    0x01,0x0B,0x88,0x01,0x09,0x89,0x01,0x09,0x8A,0x01,0x09,0x8B,0x01,0x09,0x8C,0x01,
    0x09,0x8D,0x01,0x08,0x8E,0x01,0x0A,0x8F,0x01,0x0A,0xA6,0x00,0x05,0xA7,0x00,0x05,
    0xAE,0x00,0x05,0xAF,0x00,0x05,0x94,0x01,0x0A,0x95,0x01,0x0A,0x96,0x01,0x0A,0x97,
    0x01,0x0A,0x98,0x01,0x0A,0x99,0x01,0x0A,0x9A,0x01,0x0A,0x9B,0x01,0x0A,0x9C,0x01,
    0x0A,0x9D,0x01,0x0A,0xB4,0x00,0x05,0xB6,0x00,0x05,0xA0,0x01,0x09,0xA1,0x01,0x09,
    0xA2,0x01,0x09,0xA3,0x01,0x09,0xA4,0x01,0x09,0xA5,0x01,0x09,0xA6,0x01,0x09,0xA7,
    0x01,0x09,0xA8,0x01,0x09,0xA9,0x01,0x09,0xAA,0x01,0x09,0xAB,0x01,0x09,0xAC,0x01,
    0x09,0xAD,0x01,0x09,0xAE,0x01,0x09,0xAF,0x01,0x09,0xB0,0x01,0x09,0xB1,0x01,0x09,
    0xB2,0x01,0x09,0xB3,0x01,0x09,0xB4,0x01,0x09,0xB5,0x01,0x09,0xB6,0x01,0x08,0xB7,
    0x01,0x08,0xB8,0x01,0x09,0xB9,0x01,0x09,0xBA,0x01,0x09,0xBB,0x01,0x09,0xBC,0x01,
    0x09,0xBD,0x01,0x09,0xFF,0xFF,0xFF,0xFF,0xFF,0xFF,0xFF,0xFF,0xFF,0xFF,0xFF,0xFF,
    0xFF,0xFF,0xFF,0xFF,0xFF,0xFF,0xFF,0xFF,0xFF,0xFF,0xFF,0xFF,0xFF,0xFF,0xFF,0xFF,
    0xFF,0xFF,0xFF,0xFF,0xFF,0xFF,0xFF,0xFF,0xFF,0xFF,0xFF,0xFF,0xFF,0xFF,0xFF,0xFF,
    0xFF,0xCD,0x01,0x0A,0xCE,0x01,0x0A,0xCF,0x01,0x0A,0xFC,0x01,0x08,0xD1,0x01,0x09,
    0xD2,0x01,0x09,0xD3,0x01,0x09,0xD4,0x01,0x09,0xD5,0x01,0x09,0xD6,0x01,0x08,0x49,
    0x01,0x08,0xD8,0x01,0x0A,0xD9,0x01,0x08,0xDA,0x01,0x0A,0xDB,0x01,0x0A,0xDC,0x01,
    0x08,0xDD,0x01,0x08,0xDE,0x01,0x08,0xDF,0x01,0x08,0x32,0x01,0x09,0x33,0x01,0x09,
    0xE2,0x01,0x09,0xE3,0x01,0x09,0xE4,0x01,0x08,0xE5,0x01,0x09,0xE6,0x01,0x09,0x65,
    0x01,0x09,0x64,0x01,0x09,0x75,0x01,0x09,0x74,0x01,0x09,0xEB,0x01,0x09,0xEC,0x01,
    0x09,0xED,0x01,0x09,0xEB,0x01,0x09,0xEF,0x01,0x06,0xF0,0x01,0x0A,0xF1,0x01,0x0A,
    0xF2,0x01,0x0A,0xF3,0x01,0x0A,0xF4,0x01,0x06,0xF5,0x01,0x06,0xF6,0x01,0x07,0xF7,
    0x01,0x07,0xF8,0x01,0x07,0xF9,0x01,0x07,0xFA,0x01,0x07,0xFB,0x01,0x07,0xFF,0xFF,
    0xFF,0xFD,0x01,0x07,0xFE,0x01,0x07,0xFF,0xFF,0xFF,0x04,0xE0,0x09,0xE0,0x0E,0xE0,
    0xC5,0xE2,0xCA,0xE2,0xDA,0xE2,0xE4,0xE2,0xCF,0xE5,0xF4,0xEB,0x35,0xF3,0x3A,0xF3,
    0x40,0xF3,0x45,0xF3,0x4B,0xF3,0x50,0xF3,0x56,0xF3,0x5C,0xF3,0x8E,0xF6,0x94,0xF6,
    0x99,0xF6,0xA5,0xF6,0xB1,0xF6,0x75,0xF7,0x7A,0xF7,0x7F,0xF7,0x87,0xF7,0x90,0xF7,
    0x95,0xF7,0x9A,0xF7,0xA0,0xF7,0xA6,0xF7,0xF5,0xF7,0xFA,0xF7,0xFF,0xF7,0x07,0xF8,
    0x87,0xF8,0x8C,0xF8,0x91,0xF8,0x9A,0xF8,0x9F,0xF8,0xAB,0xF8,0xB0,0xF8,0xB5,0xF8,
    0xBC,0xF8,0xCB,0xF8,0xD0,0xF8,0xD5,0xF8,0xDE,0xF8,0xE3,0xF8,0x2F,0xF9,0x34,0xF9,
    0x39,0xF9,0x3E,0xF9,0x41,0xF9,0x54,0xF9,0x59,0xF9,0x5E,0xF9,0x64,0xF9,0x00,0x00,
    0x00,0x00,0x00,0x00,0x00,0x00,0x00,0x00,0x00,0x00,0x00,0x00,0x00,0x00,0x00,0x00,
    0x00,0x00,0x00,0x00,0x00,0x00,
};

/* computed by mkboot from the VRAM stream length and PATCHED INTO the
 * payload above (lcl_trk / lql_trk) -- disk.c asserts it recomputes these */
#define BLOB_LC_TRK 27
#define BLOB_QP_TRK 29

/* game-image transform: varint deltas of ascending byte offsets */
static const unsigned char reloc_deltas[1483] = {
    0x2D,0x1B,0x03,0x0B,0x03,0x15,0x01,0x01,0x01,0x04,0x01,0x01,0x01,0x01,0x01,0x01,
    0x01,0x01,0x01,0x01,0x2E,0x0E,0x05,0x05,0x0D,0x14,0x03,0x03,0x03,0x5D,0x03,0x28,
    0xA0,0x01,0x02,0x02,0x02,0x02,0x17,0x02,0x02,0x02,0x02,0x19,0x0F,0x05,0x2D,0x03,
    0x0D,0x03,0x17,0x23,0x03,0x41,0x51,0x08,0x0B,0x0C,0x03,0x03,0x06,0x02,0x02,0x02,
    0x02,0x02,0x0D,0x17,0x18,0x03,0x25,0x6A,0x20,0x52,0x08,0x08,0x3F,0x1C,0x06,0x0C,
    0x02,0x02,0x02,0x02,0x02,0x02,0x02,0x02,0x02,0x02,0x02,0x02,0x02,0x02,0x02,0x03,
    0x03,0x0A,0x15,0x0B,0x0A,0x06,0x20,0x22,0x17,0x2E,0x05,0x03,0x03,0x36,0x0F,0x06,
    0x1D,0x05,0x03,0x10,0x03,0x0C,0x46,0x13,0x09,0xD0,0x01,0x05,0x58,0x11,0x11,0x08,
    0x3B,0x05,0x35,0x10,0x40,0x88,0x01,0x19,0x12,0x3E,0x09,0x2B,0x08,0x39,0x06,0x06,
    0x06,0x2B,0x01,0x01,0x01,0x96,0x06,0x05,0x31,0x0D,0x43,0x5F,0x23,0x06,0x0C,0x04,
    0x53,0x05,0x38,0x10,0x05,0x21,0x28,0x68,0x14,0x0B,0x09,0x03,0x4E,0x52,0x03,0x05,
    0x05,0x06,0x0D,0x20,0x0B,0x08,0x41,0x1C,0x03,0x06,0x02,0x02,0x02,0x2B,0x18,0x58,
    0x08,0x04,0x02,0x02,0x02,0x02,0x02,0x02,0x02,0x02,0xA9,0x02,0x22,0x07,0x1B,0x15,
    0x05,0x1C,0x03,0x13,0x19,0x29,0x06,0x15,0x63,0x14,0x03,0x06,0x71,0x16,0x15,0x52,
    0x08,0x02,0x02,0x02,0x02,0x02,0x02,0x02,0x02,0x02,0x02,0x02,0x02,0x02,0x02,0x02,
    0x02,0x02,0x02,0x02,0x02,0x02,0x02,0x02,0x02,0x02,0x02,0x02,0x02,0x02,0x02,0x02,
    0x02,0x02,0x02,0x02,0x02,0x02,0x02,0x02,0x02,0x02,0x02,0x02,0x02,0x02,0x02,0x02,
    0x43,0x05,0x23,0x16,0x02,0x02,0x02,0x03,0x18,0x0C,0x05,0x03,0x10,0x25,0x07,0x06,
    0x0E,0x3E,0x07,0x0E,0x30,0x04,0x20,0x15,0x05,0x0F,0x15,0x03,0x0F,0x0B,0x06,0x06,
    0x0F,0x1A,0x05,0x15,0x09,0x07,0x07,0x06,0x05,0x03,0x19,0x0E,0x09,0x14,0x0F,0x03,
    0x07,0x0E,0x08,0x23,0x0B,0x05,0x07,0x0A,0x03,0x0B,0x03,0x0A,0x03,0x03,0x03,0x09,
    0x16,0x03,0x06,0x04,0x08,0x06,0x03,0x06,0x04,0x06,0x03,0x19,0x06,0x0C,0x23,0x10,
    0x03,0x06,0x03,0x03,0x03,0x0A,0x28,0x03,0x03,0x08,0x13,0x04,0x03,0x0E,0x0D,0x28,
    0x36,0x3B,0x09,0x13,0x13,0x08,0x07,0x0C,0x08,0x05,0x08,0x08,0x05,0xB1,0x01,0x01,
    0x01,0x01,0x01,0x01,0x01,0x01,0x01,0x01,0x01,0x01,0x01,0x01,0x01,0x01,0x01,0x01,
    0x01,0x01,0x01,0x01,0x01,0x01,0x01,0x01,0x01,0x01,0x01,0x01,0x01,0x01,0x01,0x01,
    0x27,0x01,0x01,0x01,0x01,0x01,0x01,0x01,0x01,0x01,0x01,0x01,0x01,0x01,0x01,0x01,
    0x01,0x01,0x01,0x01,0x01,0x01,0x01,0x01,0x01,0x01,0x01,0x01,0x01,0x01,0x01,0x01,
    0x01,0x01,0xF2,0x22,0x02,0x02,0x02,0x02,0x0C,0x0B,0x07,0x03,0x08,0x03,0x03,0x03,
    0x07,0x06,0x03,0x03,0x03,0x03,0x03,0x03,0x17,0x0F,0x03,0x03,0x2B,0x61,0x08,0x0A,
    0x15,0x0E,0x27,0x02,0x02,0x02,0x02,0x02,0x02,0x02,0x02,0x02,0x02,0x02,0x02,0x02,
    0x24,0x03,0x0B,0x0A,0x28,0x61,0x21,0x03,0x03,0x05,0x03,0x66,0x1A,0x08,0x05,0x03,
    0x13,0x09,0x29,0x0B,0x07,0x0F,0x20,0x27,0x25,0x10,0x41,0x0B,0x06,0x1D,0x13,0x02,
    0x02,0x02,0x02,0x04,0x09,0x03,0x0D,0x25,0x18,0x03,0x11,0x49,0x07,0x51,0x08,0x1B,
    0x15,0x47,0x06,0x06,0x06,0x18,0x48,0x08,0x0E,0x08,0x3C,0x15,0x34,0x6D,0x05,0x0C,
    0x03,0x03,0x03,0x2E,0x1F,0x03,0x05,0x03,0x03,0x03,0x0A,0x03,0x08,0x03,0x36,0x0C,
    0x5A,0x05,0x06,0x18,0x70,0x23,0x4E,0x06,0x03,0x06,0x07,0x03,0x03,0x08,0x18,0x0A,
    0x26,0x03,0x03,0x4E,0x1B,0x03,0x05,0x14,0x19,0x29,0x17,0x31,0x09,0x07,0x03,0x1D,
    0x09,0x20,0x03,0x03,0x03,0x03,0x03,0x03,0x03,0x21,0x42,0x03,0x05,0x12,0x26,0x03,
    0x03,0x03,0x03,0x04,0x16,0x03,0x2C,0x24,0x03,0x22,0x15,0x0D,0x03,0x03,0x03,0x15,
    0x03,0x21,0x03,0x06,0x03,0x6B,0x03,0x03,0x03,0x03,0x03,0x28,0x03,0x03,0x03,0x03,
    0x03,0x15,0x13,0x35,0x21,0x0D,0x03,0x03,0x23,0x16,0x0C,0x02,0x02,0x02,0x02,0x02,
    0x02,0x02,0x02,0x02,0x0D,0x08,0x14,0x0A,0x0A,0x0C,0x1F,0x06,0x43,0x03,0x08,0x03,
    0x05,0x03,0x03,0x1A,0x05,0x03,0x03,0x38,0x0D,0x5D,0x0D,0x05,0x13,0x14,0x11,0x07,
    0x20,0x7F,0x0C,0x69,0x19,0x08,0x07,0x2F,0x03,0x22,0x0C,0x5B,0x20,0x46,0x1C,0x04,
    0x1F,0x32,0x02,0x02,0x02,0x02,0x02,0x02,0x02,0x02,0x02,0x02,0x02,0x02,0x02,0x02,
    0x02,0x02,0x02,0x02,0x02,0x02,0x02,0x02,0x02,0x02,0x02,0x02,0x02,0x02,0x02,0x02,
    0x02,0x02,0x02,0x02,0x02,0x02,0x02,0x02,0x02,0x02,0x02,0x02,0x02,0x02,0x02,0x02,
    0x02,0x02,0x02,0x02,0x02,0x02,0x02,0x02,0x02,0x04,0x03,0x10,0x12,0x05,0x03,0x14,
    0x08,0x05,0x36,0x1A,0x03,0x03,0x46,0x05,0x2F,0x0E,0x17,0x25,0x0D,0x06,0x19,0x28,
    0x09,0x47,0x27,0x09,0x06,0x16,0x72,0x1A,0x14,0x21,0x0A,0x58,0x0B,0x49,0x17,0x0C,
    0x09,0x03,0x0B,0x82,0x01,0x08,0x19,0x0B,0x02,0x02,0x02,0x02,0x02,0x02,0x36,0x16,
    0x08,0x07,0x19,0x17,0x03,0x03,0x03,0x0C,0x0E,0x12,0x07,0x14,0x02,0x02,0x02,0x02,
    0x02,0x02,0x02,0x02,0x02,0x02,0x02,0x02,0x02,0x02,0x02,0x02,0x02,0x02,0x02,0x02,
    0x02,0x02,0x02,0x02,0x02,0x02,0x02,0x02,0x02,0x02,0x02,0x02,0x02,0x02,0x04,0x03,
    0x03,0x08,0x03,0x03,0x03,0x03,0x03,0x03,0x08,0x03,0x05,0x02,0x02,0x02,0x02,0x02,
    0x02,0x02,0x02,0x02,0x02,0x02,0x02,0x02,0x02,0x02,0x02,0x02,0x02,0x02,0x02,0x02,
    0x04,0x03,0x03,0x03,0x03,0x03,0x03,0x03,0x03,0x03,0x03,0x03,0x03,0x03,0x03,0x03,
    0x03,0x03,0x03,0x03,0x08,0x03,0x03,0x03,0x08,0x02,0x02,0x02,0x02,0x02,0x02,0x02,
    0x20,0x16,0x13,0x18,0x06,0x0B,0x06,0x3E,0x1B,0x32,0x17,0x0D,0x05,0x1E,0x06,0x03,
    0x0D,0x04,0x03,0x23,0x03,0x03,0x03,0x56,0x17,0x0F,0x08,0x30,0x60,0x07,0x0D,0x0B,
    0x3B,0xA6,0x01,0x12,0x1E,0x03,0x1A,0x15,0x03,0x3E,0x29,0x5F,0x05,0x13,0x1F,0x07,
    0x19,0x07,0x0A,0x1B,0x03,0x07,0x0E,0x1C,0x10,0x19,0x09,0x19,0x05,0x9E,0x01,0x03,
    0x03,0x1C,0x0B,0x05,0x15,0x0B,0x15,0x16,0x08,0x24,0x2F,0x30,0x10,0x0F,0x06,0x09,
    0x26,0x13,0x34,0x10,0x0C,0x03,0x19,0x2E,0x0B,0x45,0x40,0x14,0x11,0x1B,0x02,0x02,
    0x02,0x02,0x02,0x3F,0x11,0x0C,0x0B,0x0F,0x0C,0x06,0x0F,0x10,0x0C,0x1F,0x77,0x12,
    0x12,0x03,0x12,0x27,0x03,0x03,0x03,0x03,0x16,0x19,0x21,0x12,0x1F,0x75,0x05,0x12,
    0x0C,0x05,0x0B,0x1F,0x09,0x03,0x03,0x08,0x06,0x03,0x17,0x0A,0x09,0x03,0x04,0x0E,
    0x04,0x03,0x03,0x03,0x1E,0x5C,0x4A,0x0D,0x15,0x23,0x0F,0x31,0x1B,0x1C,0x1F,0x09,
    0x05,0x2B,0x07,0x12,0x0F,0x16,0x03,0x16,0x08,0x4E,0x03,0x12,0x03,0x2B,0x09,0x18,
    0x55,0x03,0x06,0x0A,0x18,0x03,0x03,0x03,0x05,0x13,0x09,0x11,0x03,0x03,0x05,0x49,
    0x28,0x15,0x08,0x06,0x03,0x06,0x2D,0x03,0x07,0x0D,0x17,0x0D,0x0B,0x45,0x03,0x06,
    0x09,0x07,0x0E,0x0B,0x0E,0x75,0x0C,0x8E,0x01,0x11,0x05,0x05,0x0F,0x0F,0x03,0x17,
    0x03,0x06,0x0E,0x05,0x03,0x0D,0x03,0x14,0x03,0x09,0x26,0x0D,0x12,0x0A,0x05,0x05,
    0x03,0x05,0x0A,0x32,0x15,0x06,0x06,0x17,0x34,0x12,0x0F,0x33,0x0D,0x0D,0x5E,0x07,
    0x03,0x2F,0x34,0x03,0x08,0x03,0x2A,0x15,0x07,0x0F,0x05,0x03,0x19,0x05,0x36,0x13,
    0x1A,0x26,0x1E,0x0B,0x03,0x29,0x03,0x19,0x05,0x26,0x03,0x0F,0x14,0x0E,0x05,0x05,
    0x07,0x03,0x09,0x13,0x03,0x0E,0x1C,0x05,0x6A,0x03,0x09,0x27,0x04,0x0F,0x03,0x30,
    0x09,0x0B,0x09,0xBC,0x01,0x0A,0x0C,0x4E,0x15,0x08,0x16,0x15,0x0B,0xB5,0x01,0x07,
    0x0A,0x07,0x06,0x06,0x06,0x18,0x27,0x38,0x05,0x03,0x2F,0x07,0x26,0x06,0x04,0x47,
    0x0D,0x21,0x2A,0x04,0x37,0x13,0x05,0x03,0x3C,0xA3,0x03,0x45,0x07,0x1F,0x19,0x15,
    0x16,0x6A,0x2D,0x29,0x03,0x03,0x0E,0x0F,0x43,0xBE,0x01,0x0A,0x0B,0x0A,0x07,0x0F,
    0x04,0x05,0x05,0x0A,0x08,0x21,0x05,0x03,0x25,0x55,0x0E,0x08,0x3C,0x0B,0x52,0x04,
    0x50,0x06,0x2A,0xED,0x02,0x1E,0x06,0x07,0x03,0x03,0x03,0x05,0x08,0x03,0x1A,0x10,
    0x1B,0x14,0x0C,0x2A,0x05,0x03,0x24,0x20,0x08,0x06,0x03,0x05,0x03,0x09,0x03,0x05,
    0x13,0x05,0x07,0x5A,0x08,0x0B,0x07,0x49,0x05,0x05,0x05,0x05,0x08,0x05,0x07,0x07,
    0x0E,0x19,0x05,0x05,0x05,0x05,0x05,0x05,0x08,0x09,0x0F,0x15,0x09,0x27,0x07,0x0D,
    0x03,0x1F,0x0C,0x07,0x0D,0x03,0xCB,0x01,0x20,0x03,0x03,0x03,0x34,0x06,0x08,0x10,
    0x20,0x11,0x1D,0x16,0x5C,0x06,0x1C,0x46,0x03,0x58,0x35,0x07,0x5D,0x03,0x2E,0x2E,
    0x03,0x04,0x1F,0x03,0x42,0x05,0x1A,0x03,0x1E,0x29,0x04,0x05,0x05,0x05,0x05,0x05,
    0x62,0x03,0x03,0x10,0x05,0x06,0x1C,0x2B,0x0D,0x05,0x06,0x16,0x21,0x13,0x4C,0x4A,
    0x27,0x0A,0x04,0x35,0x05,0x06,0x0A,0x05,0x04,0x05,0x05,0x05,0x06,0x05,0x06,0x06,
    0x06,0x06,0x06,0x06,0x06,0x06,0x06,0x06,0xC7,0x0C,0x02,
};

static const unsigned char ppu_deltas[38] = {
    0x06,0x06,0x05,0x34,0x49,0x17,0x03,0x08,0x33,0x5C,0x13,0x0F,0x06,0x07,0x0C,0x06,
    0x88,0x0B,0x05,0x0B,0x03,0x80,0x0E,0x14,0x05,0x09,0x12,0x45,0x06,0x23,0x14,0x05,
    0x03,0x03,0x03,0x09,0x03,0x04,
};

static const unsigned char apu_deltas[57] = {
    0x30,0x10,0x75,0xAB,0x1B,0x05,0x0A,0xE8,0xC8,0x01,0x06,0x05,0x1F,0x0B,0x2B,0x48,
    0x04,0x03,0x0F,0x08,0x04,0x03,0x74,0x59,0x09,0x1E,0x09,0x0E,0x05,0x83,0x01,0x3E,
    0x05,0x8F,0x01,0x17,0x2F,0x03,0x05,0x0A,0xD3,0x01,0x05,0x31,0x05,0x03,0x44,0x05,
    0x16,0x05,0x39,0x0A,0x1C,0x37,0x51,0x03,0x03,
};

#define RELOC_COUNT 1465
#define PPU_COUNT 36
#define APU_COUNT 51

/* OUR source-level edits to prg.asm, at the ORIGINAL base: applied to the
 * user's PRG BEFORE the three relocation rules, because the rules must then
 * rebase them like any other operand. */
static const unsigned char srcedit_off[8] = {
    0xD6,0xAD,0x01,0x01,0x01,0xD3,0x0F,0x01,
};

static const unsigned char srcedit_val[5] = {
    0x8A,0xF9,0x07,0xD6,0xD6,
};

#define SRCEDIT_COUNT 5

/* mkboot game hooks: {offset, byte} pairs applied AFTER the three rules.
 * Jump targets into the port's own routines plus $EA pad -- our code. */
static const unsigned char gamepatch_off[114] = {
    0x8A,0x01,0x01,0x01,0x01,0x01,0x13,0x01,0x01,0x01,0x01,0x01,0x01,0x01,0x01,0x01,
    0x01,0x01,0x01,0x01,0x01,0x01,0x01,0x01,0x01,0x01,0x01,0x29,0x01,0x01,0x01,0x01,
    0x01,0x55,0x01,0x01,0x01,0x01,0x01,0x01,0x01,0x01,0x01,0x01,0x01,0x01,0x01,0x01,
    0x01,0x01,0x01,0x01,0x01,0x01,0x01,0x01,0x01,0x01,0x01,0x01,0x01,0x01,0x01,0x01,
    0x01,0x01,0x01,0x01,0x01,0x01,0x01,0x01,0x01,0x01,0x01,0x01,0x01,0x01,0x01,0x01,
    0x01,0x01,0x01,0x01,0x01,0x01,0x01,0x01,0x0A,0x01,0x01,0x01,0x01,0x01,0x01,0x01,
    0x01,0xCD,0x11,0x01,0x01,0x01,0xAD,0x65,0x01,0xBC,0x26,0x01,0x85,0x43,0x01,0x01,
    0x01,0x01,
};

static const unsigned char gamepatch_val[109] = {
    0x4C,0x8F,0x08,0xEA,0xEA,0x4C,0xB6,0x08,0xEA,0xEA,0xEA,0xEA,0xEA,0xEA,0xEA,0xEA,
    0xEA,0xEA,0xEA,0xEA,0xEA,0xEA,0xEA,0xEA,0xEA,0xEA,0x4C,0xE4,0x08,0xEA,0xEA,0xEA,
    0x4C,0x68,0x09,0xEA,0xEA,0xEA,0xEA,0xEA,0xEA,0xEA,0xEA,0xEA,0xEA,0xEA,0xEA,0xEA,
    0xEA,0xEA,0xEA,0xEA,0xEA,0xEA,0xEA,0xEA,0xEA,0xEA,0xEA,0xEA,0xEA,0xEA,0xEA,0xEA,
    0xEA,0xEA,0xEA,0xEA,0xEA,0xEA,0xEA,0xEA,0xEA,0xEA,0xEA,0xEA,0xEA,0xEA,0xEA,0xEA,
    0x4C,0x6F,0x09,0xEA,0xEA,0xEA,0xEA,0x40,0xEA,0xEA,0xEA,0xEA,0xEA,0xEA,0xEA,0xEA,
    0x4C,0xD5,0xB9,0xEA,0xCF,0xB9,0x65,0xBB,0x4C,0x55,0xB9,0xEA,0xEA,
};

#define GAMEPATCH_COUNT 109

/* the 4 distinct palette-index remaps the tile rules use */
static const unsigned char TILE_REMAP[4][16] = {
  {0,1,2,3,4,5,6,7,8,9,10,11,12,13,14,15},
  {0,1,2,13,14,15,6,7,8,9,10,11,12,13,14,15},
  {0,0,12,2,0,0,0,0,0,0,0,0,0,0,0,0},
  {0,6,7,2,0,0,0,0,0,0,0,0,0,0,0,0},
};

/* per-tile derivation for all 768 L0 tiles.  kind: 0 = SMAS offset direct,
 * 1 = SMAS + index remap, 2 = NES CHR + remap, 3 = SMAS masked by a NES
 * tile's silhouette (aux = that tile).  rmap indexes TILE_REMAP. */
struct tilerule {
	unsigned long	src;
	unsigned short	aux;
	unsigned char	kind;
	unsigned char	rmap;
};
static const struct tilerule TILERULES[768] = {
	{ 0x030000UL, 0x000, 0, 0 },
	{ 0x030020UL, 0x000, 0, 0 },
	{ 0x030040UL, 0x000, 0, 0 },
	{ 0x030060UL, 0x000, 0, 0 },
	{ 0x030080UL, 0x000, 0, 0 },
	{ 0x0300A0UL, 0x000, 0, 0 },
	{ 0x0300C0UL, 0x000, 0, 0 },
	{ 0x0300E0UL, 0x000, 0, 0 },
	{ 0x030100UL, 0x000, 0, 0 },
	{ 0x030120UL, 0x000, 0, 0 },
	{ 0x030140UL, 0x000, 0, 0 },
	{ 0x030160UL, 0x000, 0, 0 },
	{ 0x030180UL, 0x000, 0, 0 },
	{ 0x0301A0UL, 0x000, 0, 0 },
	{ 0x0301C0UL, 0x000, 0, 0 },
	{ 0x0301E0UL, 0x000, 0, 0 },
	{ 0x030200UL, 0x000, 0, 0 },
	{ 0x030220UL, 0x000, 0, 0 },
	{ 0x030240UL, 0x000, 0, 0 },
	{ 0x030260UL, 0x000, 0, 0 },
	{ 0x030280UL, 0x000, 0, 0 },
	{ 0x0302A0UL, 0x000, 0, 0 },
	{ 0x0302C0UL, 0x000, 0, 0 },
	{ 0x0302E0UL, 0x000, 0, 0 },
	{ 0x030000UL, 0x000, 0, 0 },
	{ 0x030320UL, 0x000, 0, 0 },
	{ 0x030340UL, 0x000, 0, 0 },
	{ 0x030360UL, 0x000, 0, 0 },
	{ 0x030380UL, 0x000, 0, 0 },
	{ 0x0303A0UL, 0x000, 0, 0 },
	{ 0x0303C0UL, 0x000, 0, 0 },
	{ 0x0303E0UL, 0x000, 0, 0 },
	{ 0x030400UL, 0x000, 0, 0 },
	{ 0x030420UL, 0x000, 0, 0 },
	{ 0x030440UL, 0x000, 0, 0 },
	{ 0x030460UL, 0x000, 0, 0 },
	{ 0x000E40UL, 0x000, 0, 0 },
	{ 0x0304A0UL, 0x000, 0, 0 },
	{ 0x009EA0UL, 0x000, 0, 0 },
	{ 0x00A3A0UL, 0x000, 0, 0 },
	{ 0x030500UL, 0x000, 0, 0 },
	{ 0x030520UL, 0x000, 0, 0 },
	{ 0x030540UL, 0x000, 0, 0 },
	{ 0x030560UL, 0x000, 0, 0 },
	{ 0x030580UL, 0x000, 0, 0 },
	{ 0x0305A0UL, 0x000, 0, 0 },
	{ 0x00A680UL, 0x000, 0, 0 },
	{ 0x0305E0UL, 0x000, 0, 0 },
	{ 0x030600UL, 0x000, 0, 0 },
	{ 0x030620UL, 0x000, 0, 0 },
	{ 0x030640UL, 0x000, 0, 0 },
	{ 0x030660UL, 0x000, 0, 0 },
	{ 0x030680UL, 0x000, 0, 0 },
	{ 0x0306A0UL, 0x000, 0, 0 },
	{ 0x0306C0UL, 0x000, 0, 0 },
	{ 0x0306E0UL, 0x000, 0, 0 },
	{ 0x030700UL, 0x000, 0, 0 },
	{ 0x030720UL, 0x000, 0, 0 },
	{ 0x030740UL, 0x000, 0, 0 },
	{ 0x030760UL, 0x000, 0, 0 },
	{ 0x030780UL, 0x000, 0, 0 },
	{ 0x0307A0UL, 0x000, 0, 0 },
	{ 0x0307C0UL, 0x000, 0, 0 },
	{ 0x0307E0UL, 0x000, 0, 0 },
	{ 0x030800UL, 0x000, 0, 0 },
	{ 0x030820UL, 0x000, 0, 0 },
	{ 0x030840UL, 0x000, 0, 0 },
	{ 0x030860UL, 0x000, 0, 0 },
	{ 0x030880UL, 0x000, 0, 0 },
	{ 0x0308A0UL, 0x000, 0, 0 },
	{ 0x0308C0UL, 0x000, 0, 0 },
	{ 0x0308A0UL, 0x000, 0, 0 },
	{ 0x030900UL, 0x000, 0, 0 },
	{ 0x030920UL, 0x000, 0, 0 },
	{ 0x030940UL, 0x000, 0, 0 },
	{ 0x030960UL, 0x000, 0, 0 },
	{ 0x030980UL, 0x000, 0, 0 },
	{ 0x0309A0UL, 0x000, 0, 0 },
	{ 0x0309C0UL, 0x000, 0, 0 },
	{ 0x0309E0UL, 0x000, 0, 0 },
	{ 0x030A00UL, 0x000, 0, 0 },
	{ 0x030A20UL, 0x000, 0, 0 },
	{ 0x030A40UL, 0x000, 0, 0 },
	{ 0x030A60UL, 0x000, 0, 0 },
	{ 0x030A80UL, 0x000, 0, 0 },
	{ 0x030AA0UL, 0x000, 0, 0 },
	{ 0x030AC0UL, 0x000, 0, 0 },
	{ 0x030AE0UL, 0x000, 0, 0 },
	{ 0x030B00UL, 0x000, 0, 0 },
	{ 0x030B20UL, 0x000, 0, 0 },
	{ 0x030B40UL, 0x000, 0, 0 },
	{ 0x030B60UL, 0x000, 0, 0 },
	{ 0x030B80UL, 0x000, 0, 0 },
	{ 0x030BA0UL, 0x000, 0, 0 },
	{ 0x030BC0UL, 0x000, 0, 0 },
	{ 0x030BE0UL, 0x000, 0, 0 },
	{ 0x030C00UL, 0x000, 0, 0 },
	{ 0x030C20UL, 0x000, 0, 0 },
	{ 0x030C40UL, 0x000, 0, 0 },
	{ 0x030C60UL, 0x000, 0, 0 },
	{ 0x030C80UL, 0x000, 0, 0 },
	{ 0x030CA0UL, 0x000, 0, 0 },
	{ 0x030CC0UL, 0x000, 0, 0 },
	{ 0x030CE0UL, 0x000, 0, 0 },
	{ 0x030D00UL, 0x000, 0, 0 },
	{ 0x030D20UL, 0x000, 0, 0 },
	{ 0x030D40UL, 0x000, 0, 0 },
	{ 0x030D60UL, 0x000, 0, 0 },
	{ 0x030D80UL, 0x000, 0, 0 },
	{ 0x030DA0UL, 0x000, 0, 0 },
	{ 0x030DC0UL, 0x000, 0, 0 },
	{ 0x030DE0UL, 0x000, 0, 0 },
	{ 0x030E00UL, 0x000, 0, 0 },
	{ 0x030E20UL, 0x000, 0, 0 },
	{ 0x030E40UL, 0x000, 0, 0 },
	{ 0x030E60UL, 0x000, 0, 0 },
	{ 0x030E80UL, 0x000, 0, 0 },
	{ 0x030EA0UL, 0x000, 0, 0 },
	{ 0x030EC0UL, 0x000, 0, 0 },
	{ 0x030EE0UL, 0x000, 0, 0 },
	{ 0x030F00UL, 0x000, 0, 0 },
	{ 0x030F20UL, 0x000, 0, 0 },
	{ 0x030F40UL, 0x000, 0, 0 },
	{ 0x030F60UL, 0x000, 0, 0 },
	{ 0x030F80UL, 0x000, 0, 0 },
	{ 0x030FA0UL, 0x000, 0, 0 },
	{ 0x030FC0UL, 0x000, 0, 0 },
	{ 0x030FE0UL, 0x000, 0, 0 },
	{ 0x031000UL, 0x000, 0, 0 },
	{ 0x031020UL, 0x000, 0, 0 },
	{ 0x031040UL, 0x000, 0, 0 },
	{ 0x031060UL, 0x000, 0, 0 },
	{ 0x031080UL, 0x000, 0, 0 },
	{ 0x0310A0UL, 0x000, 0, 0 },
	{ 0x0310C0UL, 0x000, 0, 0 },
	{ 0x0310E0UL, 0x000, 0, 0 },
	{ 0x031100UL, 0x000, 0, 0 },
	{ 0x031120UL, 0x000, 0, 0 },
	{ 0x031140UL, 0x000, 0, 0 },
	{ 0x031160UL, 0x000, 0, 0 },
	{ 0x031180UL, 0x000, 0, 0 },
	{ 0x0311A0UL, 0x000, 0, 0 },
	{ 0x0311C0UL, 0x000, 0, 0 },
	{ 0x0311E0UL, 0x000, 0, 0 },
	{ 0x031200UL, 0x000, 0, 0 },
	{ 0x031220UL, 0x000, 0, 0 },
	{ 0x031240UL, 0x000, 0, 0 },
	{ 0x031260UL, 0x000, 0, 0 },
	{ 0x031280UL, 0x000, 0, 0 },
	{ 0x0312A0UL, 0x000, 0, 0 },
	{ 0x00A820UL, 0x000, 0, 0 },
	{ 0x0312E0UL, 0x000, 0, 0 },
	{ 0x031300UL, 0x000, 0, 0 },
	{ 0x031320UL, 0x000, 0, 0 },
	{ 0x031340UL, 0x000, 0, 0 },
	{ 0x031360UL, 0x000, 0, 0 },
	{ 0x031360UL, 0x000, 0, 0 },
	{ 0x0313A0UL, 0x000, 0, 0 },
	{ 0x0313C0UL, 0x000, 0, 0 },
	{ 0x0313E0UL, 0x000, 0, 0 },
	{ 0x031400UL, 0x000, 0, 0 },
	{ 0x031420UL, 0x000, 0, 0 },
	{ 0x031440UL, 0x000, 0, 0 },
	{ 0x031460UL, 0x000, 0, 0 },
	{ 0x031480UL, 0x000, 0, 0 },
	{ 0x0314A0UL, 0x000, 0, 0 },
	{ 0x0314C0UL, 0x000, 0, 0 },
	{ 0x0314E0UL, 0x000, 0, 0 },
	{ 0x031500UL, 0x000, 0, 0 },
	{ 0x031520UL, 0x000, 0, 0 },
	{ 0x031540UL, 0x000, 0, 0 },
	{ 0x031560UL, 0x000, 0, 0 },
	{ 0x031580UL, 0x000, 0, 0 },
	{ 0x0315A0UL, 0x000, 0, 0 },
	{ 0x0315C0UL, 0x000, 0, 0 },
	{ 0x0315E0UL, 0x000, 0, 0 },
	{ 0x031600UL, 0x000, 0, 0 },
	{ 0x031620UL, 0x000, 0, 0 },
	{ 0x031640UL, 0x000, 0, 0 },
	{ 0x031660UL, 0x000, 0, 0 },
	{ 0x031680UL, 0x000, 0, 0 },
	{ 0x0316A0UL, 0x000, 0, 0 },
	{ 0x0316C0UL, 0x000, 0, 0 },
	{ 0x0316E0UL, 0x000, 0, 0 },
	{ 0x031700UL, 0x000, 0, 0 },
	{ 0x031720UL, 0x000, 0, 0 },
	{ 0x031740UL, 0x000, 0, 0 },
	{ 0x031760UL, 0x000, 0, 0 },
	{ 0x031780UL, 0x000, 0, 0 },
	{ 0x0317A0UL, 0x000, 0, 0 },
	{ 0x0317C0UL, 0x000, 0, 0 },
	{ 0x0317E0UL, 0x000, 0, 0 },
	{ 0x034000UL, 0x000, 0, 0 },
	{ 0x034020UL, 0x000, 0, 0 },
	{ 0x034040UL, 0x000, 0, 0 },
	{ 0x034060UL, 0x000, 0, 0 },
	{ 0x034080UL, 0x000, 0, 0 },
	{ 0x0340A0UL, 0x000, 0, 0 },
	{ 0x0340C0UL, 0x000, 0, 0 },
	{ 0x034060UL, 0x000, 0, 0 },
	{ 0x034100UL, 0x000, 0, 0 },
	{ 0x034120UL, 0x000, 0, 0 },
	{ 0x034140UL, 0x000, 0, 0 },
	{ 0x034160UL, 0x000, 0, 0 },
	{ 0x034180UL, 0x000, 0, 0 },
	{ 0x0341A0UL, 0x000, 0, 0 },
	{ 0x0341C0UL, 0x000, 0, 0 },
	{ 0x0341E0UL, 0x000, 0, 0 },
	{ 0x034200UL, 0x000, 0, 0 },
	{ 0x034220UL, 0x000, 0, 0 },
	{ 0x034240UL, 0x000, 0, 0 },
	{ 0x034260UL, 0x000, 0, 0 },
	{ 0x034280UL, 0x000, 0, 0 },
	{ 0x0342A0UL, 0x000, 0, 0 },
	{ 0x0342C0UL, 0x000, 0, 0 },
	{ 0x0342E0UL, 0x000, 0, 0 },
	{ 0x034300UL, 0x000, 0, 0 },
	{ 0x034320UL, 0x000, 0, 0 },
	{ 0x034340UL, 0x000, 0, 0 },
	{ 0x034360UL, 0x000, 0, 0 },
	{ 0x034380UL, 0x000, 0, 0 },
	{ 0x0343A0UL, 0x000, 0, 0 },
	{ 0x0343C0UL, 0x000, 0, 0 },
	{ 0x0343E0UL, 0x000, 0, 0 },
	{ 0x034400UL, 0x000, 0, 0 },
	{ 0x034420UL, 0x000, 0, 0 },
	{ 0x034440UL, 0x000, 0, 0 },
	{ 0x034460UL, 0x000, 0, 0 },
	{ 0x034480UL, 0x000, 0, 0 },
	{ 0x0344A0UL, 0x000, 0, 0 },
	{ 0x0344C0UL, 0x000, 0, 0 },
	{ 0x0344E0UL, 0x000, 0, 0 },
	{ 0x034500UL, 0x000, 0, 0 },
	{ 0x034520UL, 0x000, 0, 0 },
	{ 0x034540UL, 0x000, 0, 0 },
	{ 0x034560UL, 0x000, 0, 0 },
	{ 0x034580UL, 0x000, 0, 0 },
	{ 0x0345A0UL, 0x000, 0, 0 },
	{ 0x0345C0UL, 0x000, 0, 0 },
	{ 0x0345E0UL, 0x000, 0, 0 },
	{ 0x031E00UL, 0x000, 0, 0 },
	{ 0x031E20UL, 0x000, 0, 0 },
	{ 0x031E40UL, 0x000, 0, 0 },
	{ 0x031E60UL, 0x000, 0, 0 },
	{ 0x031E80UL, 0x000, 0, 0 },
	{ 0x031EA0UL, 0x000, 0, 0 },
	{ 0x010900UL, 0x000, 0, 0 },
	{ 0x010900UL, 0x000, 0, 0 },
	{ 0x010900UL, 0x000, 0, 0 },
	{ 0x010900UL, 0x000, 0, 0 },
	{ 0x010900UL, 0x000, 0, 0 },
	{ 0x010900UL, 0x000, 0, 0 },
	{ 0x010900UL, 0x000, 0, 0 },
	{ 0x010900UL, 0x000, 0, 0 },
	{ 0x010900UL, 0x000, 0, 0 },
	{ 0x010900UL, 0x000, 0, 0 },
	{ 0x010900UL, 0x000, 0, 0 },
	{ 0x032020UL, 0x000, 0, 0 },
	{ 0x032040UL, 0x000, 0, 0 },
	{ 0x032060UL, 0x000, 0, 0 },
	{ 0x032080UL, 0x000, 0, 0 },
	{ 0x0320A0UL, 0x000, 0, 0 },
	{ 0x0320C0UL, 0x000, 0, 0 },
	{ 0x0320E0UL, 0x000, 0, 0 },
	{ 0x032100UL, 0x000, 0, 0 },
	{ 0x032120UL, 0x000, 0, 0 },
	{ 0x032140UL, 0x000, 0, 0 },
	{ 0x032160UL, 0x000, 0, 0 },
	{ 0x032180UL, 0x000, 0, 0 },
	{ 0x0321A0UL, 0x000, 0, 0 },
	{ 0x0321C0UL, 0x000, 0, 0 },
	{ 0x0321E0UL, 0x000, 0, 0 },
	{ 0x032200UL, 0x000, 0, 0 },
	{ 0x032220UL, 0x000, 0, 0 },
	{ 0x032240UL, 0x000, 0, 0 },
	{ 0x032260UL, 0x000, 0, 0 },
	{ 0x032280UL, 0x000, 0, 0 },
	{ 0x0322A0UL, 0x000, 0, 0 },
	{ 0x0322C0UL, 0x000, 0, 0 },
	{ 0x0322E0UL, 0x000, 0, 0 },
	{ 0x032300UL, 0x000, 0, 0 },
	{ 0x032320UL, 0x000, 0, 0 },
	{ 0x032340UL, 0x000, 0, 0 },
	{ 0x032360UL, 0x000, 0, 0 },
	{ 0x032380UL, 0x000, 0, 0 },
	{ 0x0323A0UL, 0x000, 0, 0 },
	{ 0x0323C0UL, 0x000, 0, 0 },
	{ 0x0323E0UL, 0x000, 0, 0 },
	{ 0x032400UL, 0x000, 0, 0 },
	{ 0x032420UL, 0x000, 0, 0 },
	{ 0x032440UL, 0x000, 0, 0 },
	{ 0x032460UL, 0x000, 0, 0 },
	{ 0x032480UL, 0x000, 0, 0 },
	{ 0x0324A0UL, 0x000, 0, 0 },
	{ 0x0324C0UL, 0x000, 0, 0 },
	{ 0x0324E0UL, 0x000, 0, 0 },
	{ 0x032500UL, 0x000, 0, 0 },
	{ 0x032520UL, 0x000, 0, 0 },
	{ 0x032540UL, 0x000, 0, 0 },
	{ 0x032560UL, 0x000, 0, 0 },
	{ 0x032580UL, 0x000, 0, 0 },
	{ 0x0325A0UL, 0x000, 0, 0 },
	{ 0x0325C0UL, 0x000, 0, 0 },
	{ 0x0325E0UL, 0x000, 0, 0 },
	{ 0x032600UL, 0x000, 0, 0 },
	{ 0x032620UL, 0x000, 0, 0 },
	{ 0x032640UL, 0x000, 0, 0 },
	{ 0x032660UL, 0x000, 0, 0 },
	{ 0x032680UL, 0x000, 0, 0 },
	{ 0x0326A0UL, 0x000, 0, 0 },
	{ 0x0326C0UL, 0x000, 0, 0 },
	{ 0x0326E0UL, 0x000, 0, 0 },
	{ 0x032700UL, 0x000, 0, 0 },
	{ 0x032720UL, 0x000, 0, 0 },
	{ 0x032740UL, 0x000, 0, 0 },
	{ 0x032760UL, 0x000, 0, 0 },
	{ 0x032780UL, 0x000, 0, 0 },
	{ 0x0327A0UL, 0x000, 0, 0 },
	{ 0x0327C0UL, 0x000, 0, 0 },
	{ 0x0327E0UL, 0x000, 0, 0 },
	{ 0x032800UL, 0x000, 0, 0 },
	{ 0x032820UL, 0x000, 0, 0 },
	{ 0x032840UL, 0x000, 0, 0 },
	{ 0x032860UL, 0x000, 0, 0 },
	{ 0x032880UL, 0x000, 0, 0 },
	{ 0x0328A0UL, 0x000, 0, 0 },
	{ 0x0328C0UL, 0x000, 0, 0 },
	{ 0x0328E0UL, 0x000, 0, 0 },
	{ 0x032900UL, 0x000, 0, 0 },
	{ 0x032920UL, 0x000, 0, 0 },
	{ 0x040940UL, 0x000, 1, 1 },
	{ 0x040960UL, 0x000, 1, 1 },
	{ 0x032980UL, 0x000, 0, 0 },
	{ 0x0329A0UL, 0x000, 0, 0 },
	{ 0x0329C0UL, 0x000, 0, 0 },
	{ 0x0329E0UL, 0x000, 0, 0 },
	{ 0x032A00UL, 0x000, 0, 0 },
	{ 0x032A20UL, 0x000, 0, 0 },
	{ 0x032A40UL, 0x000, 0, 0 },
	{ 0x032A60UL, 0x000, 0, 0 },
	{ 0x032A80UL, 0x000, 0, 0 },
	{ 0x00CC00UL, 0x000, 0, 0 },
	{ 0x032AC0UL, 0x000, 0, 0 },
	{ 0x032AE0UL, 0x000, 0, 0 },
	{ 0x032B00UL, 0x000, 0, 0 },
	{ 0x032B20UL, 0x000, 0, 0 },
	{ 0x040B40UL, 0x000, 1, 1 },
	{ 0x040B60UL, 0x000, 1, 1 },
	{ 0x032B80UL, 0x000, 0, 0 },
	{ 0x032BA0UL, 0x000, 0, 0 },
	{ 0x032BC0UL, 0x000, 0, 0 },
	{ 0x032BE0UL, 0x000, 0, 0 },
	{ 0x032C00UL, 0x000, 0, 0 },
	{ 0x032C20UL, 0x000, 0, 0 },
	{ 0x032C40UL, 0x000, 0, 0 },
	{ 0x032C60UL, 0x000, 0, 0 },
	{ 0x032C80UL, 0x000, 0, 0 },
	{ 0x032CA0UL, 0x000, 0, 0 },
	{ 0x032CC0UL, 0x000, 0, 0 },
	{ 0x032CE0UL, 0x000, 0, 0 },
	{ 0x032D00UL, 0x000, 0, 0 },
	{ 0x032D20UL, 0x000, 0, 0 },
	{ 0x032D40UL, 0x000, 0, 0 },
	{ 0x010900UL, 0x000, 0, 0 },
	{ 0x010900UL, 0x000, 0, 0 },
	{ 0x010900UL, 0x000, 0, 0 },
	{ 0x010900UL, 0x000, 0, 0 },
	{ 0x010900UL, 0x000, 0, 0 },
	{ 0x010900UL, 0x000, 0, 0 },
	{ 0x010900UL, 0x000, 0, 0 },
	{ 0x010900UL, 0x000, 0, 0 },
	{ 0x010900UL, 0x000, 0, 0 },
	{ 0x010900UL, 0x000, 0, 0 },
	{ 0x010900UL, 0x000, 0, 0 },
	{ 0x010900UL, 0x000, 0, 0 },
	{ 0x010900UL, 0x000, 0, 0 },
	{ 0x010900UL, 0x000, 0, 0 },
	{ 0x010900UL, 0x000, 0, 0 },
	{ 0x010900UL, 0x000, 0, 0 },
	{ 0x010900UL, 0x000, 0, 0 },
	{ 0x010900UL, 0x000, 0, 0 },
	{ 0x010900UL, 0x000, 0, 0 },
	{ 0x010900UL, 0x000, 0, 0 },
	{ 0x010900UL, 0x000, 0, 0 },
	{ 0x000152UL, 0x000, 2, 2 },
	{ 0x000180UL, 0x000, 2, 3 },
	{ 0x0001A0UL, 0x000, 2, 3 },
	{ 0x000181UL, 0x000, 2, 3 },
	{ 0x0001A1UL, 0x000, 2, 3 },
	{ 0x04B940UL, 0x000, 0, 0 },
	{ 0x04BB40UL, 0x000, 0, 0 },
	{ 0x04B960UL, 0x000, 0, 0 },
	{ 0x04BB60UL, 0x000, 0, 0 },
	{ 0x04BD40UL, 0x000, 0, 0 },
	{ 0x04BF40UL, 0x000, 0, 0 },
	{ 0x04BD60UL, 0x000, 0, 0 },
	{ 0x04BF60UL, 0x000, 0, 0 },
	{ 0x0313A0UL, 0x19D, 3, 0 },
	{ 0x0313C0UL, 0x19E, 3, 0 },
	{ 0x000E40UL, 0x000, 0, 0 },
	{ 0x000E40UL, 0x000, 0, 0 },
	{ 0x000E40UL, 0x000, 0, 0 },
	{ 0x000E40UL, 0x000, 0, 0 },
	{ 0x000E40UL, 0x000, 0, 0 },
	{ 0x000E40UL, 0x000, 0, 0 },
	{ 0x000E40UL, 0x000, 0, 0 },
	{ 0x000E40UL, 0x000, 0, 0 },
	{ 0x000E40UL, 0x000, 0, 0 },
	{ 0x000E40UL, 0x000, 0, 0 },
	{ 0x000E40UL, 0x000, 0, 0 },
	{ 0x000E40UL, 0x000, 0, 0 },
	{ 0x000E40UL, 0x000, 0, 0 },
	{ 0x000E40UL, 0x000, 0, 0 },
	{ 0x000E40UL, 0x000, 0, 0 },
	{ 0x000E40UL, 0x000, 0, 0 },
	{ 0x000E40UL, 0x000, 0, 0 },
	{ 0x000E40UL, 0x000, 0, 0 },
	{ 0x000E40UL, 0x000, 0, 0 },
	{ 0x000E40UL, 0x000, 0, 0 },
	{ 0x000E40UL, 0x000, 0, 0 },
	{ 0x000E40UL, 0x000, 0, 0 },
	{ 0x000E40UL, 0x000, 0, 0 },
	{ 0x000E40UL, 0x000, 0, 0 },
	{ 0x000E40UL, 0x000, 0, 0 },
	{ 0x000E40UL, 0x000, 0, 0 },
	{ 0x000E40UL, 0x000, 0, 0 },
	{ 0x000E40UL, 0x000, 0, 0 },
	{ 0x000E40UL, 0x000, 0, 0 },
	{ 0x000E40UL, 0x000, 0, 0 },
	{ 0x000E40UL, 0x000, 0, 0 },
	{ 0x000E40UL, 0x000, 0, 0 },
	{ 0x000E40UL, 0x000, 0, 0 },
	{ 0x000E40UL, 0x000, 0, 0 },
	{ 0x000E40UL, 0x000, 0, 0 },
	{ 0x000E40UL, 0x000, 0, 0 },
	{ 0x000E40UL, 0x000, 0, 0 },
	{ 0x000E40UL, 0x000, 0, 0 },
	{ 0x000E40UL, 0x000, 0, 0 },
	{ 0x000E40UL, 0x000, 0, 0 },
	{ 0x000E40UL, 0x000, 0, 0 },
	{ 0x000E40UL, 0x000, 0, 0 },
	{ 0x000E40UL, 0x000, 0, 0 },
	{ 0x000E40UL, 0x000, 0, 0 },
	{ 0x000E40UL, 0x000, 0, 0 },
	{ 0x000E40UL, 0x000, 0, 0 },
	{ 0x000E40UL, 0x000, 0, 0 },
	{ 0x000E40UL, 0x000, 0, 0 },
	{ 0x000E40UL, 0x000, 0, 0 },
	{ 0x033800UL, 0x000, 0, 0 },
	{ 0x033820UL, 0x000, 0, 0 },
	{ 0x033840UL, 0x000, 0, 0 },
	{ 0x033860UL, 0x000, 0, 0 },
	{ 0x033880UL, 0x000, 0, 0 },
	{ 0x0338A0UL, 0x000, 0, 0 },
	{ 0x0338C0UL, 0x000, 0, 0 },
	{ 0x0338E0UL, 0x000, 0, 0 },
	{ 0x00CC00UL, 0x000, 0, 0 },
	{ 0x033920UL, 0x000, 0, 0 },
	{ 0x033940UL, 0x000, 0, 0 },
	{ 0x033960UL, 0x000, 0, 0 },
	{ 0x033980UL, 0x000, 0, 0 },
	{ 0x0339A0UL, 0x000, 0, 0 },
	{ 0x0339C0UL, 0x000, 0, 0 },
	{ 0x0339E0UL, 0x000, 0, 0 },
	{ 0x033A00UL, 0x000, 0, 0 },
	{ 0x033A20UL, 0x000, 0, 0 },
	{ 0x033A40UL, 0x000, 0, 0 },
	{ 0x033A60UL, 0x000, 0, 0 },
	{ 0x033A80UL, 0x000, 0, 0 },
	{ 0x033AA0UL, 0x000, 0, 0 },
	{ 0x033AC0UL, 0x000, 0, 0 },
	{ 0x033AE0UL, 0x000, 0, 0 },
	{ 0x033B00UL, 0x000, 0, 0 },
	{ 0x033B20UL, 0x000, 0, 0 },
	{ 0x033B40UL, 0x000, 0, 0 },
	{ 0x033B60UL, 0x000, 0, 0 },
	{ 0x033B80UL, 0x000, 0, 0 },
	{ 0x033BA0UL, 0x000, 0, 0 },
	{ 0x033BC0UL, 0x000, 0, 0 },
	{ 0x033BE0UL, 0x000, 0, 0 },
	{ 0x033C00UL, 0x000, 0, 0 },
	{ 0x033C20UL, 0x000, 0, 0 },
	{ 0x033C40UL, 0x000, 0, 0 },
	{ 0x033C60UL, 0x000, 0, 0 },
	{ 0x033C80UL, 0x000, 0, 0 },
	{ 0x033CA0UL, 0x000, 0, 0 },
	{ 0x033CC0UL, 0x000, 0, 0 },
	{ 0x033CE0UL, 0x000, 0, 0 },
	{ 0x033D00UL, 0x000, 0, 0 },
	{ 0x033D20UL, 0x000, 0, 0 },
	{ 0x033D40UL, 0x000, 0, 0 },
	{ 0x033D60UL, 0x000, 0, 0 },
	{ 0x033D80UL, 0x000, 0, 0 },
	{ 0x033DA0UL, 0x000, 0, 0 },
	{ 0x033DC0UL, 0x000, 0, 0 },
	{ 0x033DE0UL, 0x000, 0, 0 },
	{ 0x033E00UL, 0x000, 0, 0 },
	{ 0x033E20UL, 0x000, 0, 0 },
	{ 0x033E40UL, 0x000, 0, 0 },
	{ 0x033E60UL, 0x000, 0, 0 },
	{ 0x033E80UL, 0x000, 0, 0 },
	{ 0x033EA0UL, 0x000, 0, 0 },
	{ 0x033EC0UL, 0x000, 0, 0 },
	{ 0x033EE0UL, 0x000, 0, 0 },
	{ 0x033F00UL, 0x000, 0, 0 },
	{ 0x033F20UL, 0x000, 0, 0 },
	{ 0x033F40UL, 0x000, 0, 0 },
	{ 0x033F60UL, 0x000, 0, 0 },
	{ 0x033F80UL, 0x000, 0, 0 },
	{ 0x033FA0UL, 0x000, 0, 0 },
	{ 0x033FC0UL, 0x000, 0, 0 },
	{ 0x033FE0UL, 0x000, 0, 0 },
	{ 0x044000UL, 0x000, 0, 0 },
	{ 0x044020UL, 0x000, 0, 0 },
	{ 0x044040UL, 0x000, 0, 0 },
	{ 0x044060UL, 0x000, 0, 0 },
	{ 0x044080UL, 0x000, 0, 0 },
	{ 0x0440A0UL, 0x000, 0, 0 },
	{ 0x0440C0UL, 0x000, 0, 0 },
	{ 0x0440E0UL, 0x000, 0, 0 },
	{ 0x04C100UL, 0x000, 0, 0 },
	{ 0x04C120UL, 0x000, 0, 0 },
	{ 0x044140UL, 0x000, 0, 0 },
	{ 0x044160UL, 0x000, 0, 0 },
	{ 0x04C180UL, 0x000, 0, 0 },
	{ 0x04C1A0UL, 0x000, 0, 0 },
	{ 0x0441C0UL, 0x000, 0, 0 },
	{ 0x0441E0UL, 0x000, 0, 0 },
	{ 0x044200UL, 0x000, 0, 0 },
	{ 0x044220UL, 0x000, 0, 0 },
	{ 0x044240UL, 0x000, 0, 0 },
	{ 0x044260UL, 0x000, 0, 0 },
	{ 0x04C280UL, 0x000, 0, 0 },
	{ 0x04C2A0UL, 0x000, 0, 0 },
	{ 0x04C2C0UL, 0x000, 0, 0 },
	{ 0x04C2E0UL, 0x000, 0, 0 },
	{ 0x04C300UL, 0x000, 0, 0 },
	{ 0x04C320UL, 0x000, 0, 0 },
	{ 0x044140UL, 0x000, 0, 0 },
	{ 0x044360UL, 0x000, 0, 0 },
	{ 0x04C380UL, 0x000, 0, 0 },
	{ 0x04C3A0UL, 0x000, 0, 0 },
	{ 0x0441C0UL, 0x000, 0, 0 },
	{ 0x0443E0UL, 0x000, 0, 0 },
	{ 0x044400UL, 0x000, 0, 0 },
	{ 0x044420UL, 0x000, 0, 0 },
	{ 0x044440UL, 0x000, 0, 0 },
	{ 0x044460UL, 0x000, 0, 0 },
	{ 0x044480UL, 0x000, 0, 0 },
	{ 0x0444A0UL, 0x000, 0, 0 },
	{ 0x0444C0UL, 0x000, 0, 0 },
	{ 0x0444E0UL, 0x000, 0, 0 },
	{ 0x044500UL, 0x000, 0, 0 },
	{ 0x044520UL, 0x000, 0, 0 },
	{ 0x044540UL, 0x000, 0, 0 },
	{ 0x044560UL, 0x000, 0, 0 },
	{ 0x044580UL, 0x000, 0, 0 },
	{ 0x0445A0UL, 0x000, 0, 0 },
	{ 0x0445C0UL, 0x000, 0, 0 },
	{ 0x0445E0UL, 0x000, 0, 0 },
	{ 0x040980UL, 0x000, 0, 0 },
	{ 0x040980UL, 0x000, 0, 0 },
	{ 0x040980UL, 0x000, 0, 0 },
	{ 0x040980UL, 0x000, 0, 0 },
	{ 0x040980UL, 0x000, 0, 0 },
	{ 0x040980UL, 0x000, 0, 0 },
	{ 0x040980UL, 0x000, 0, 0 },
	{ 0x040980UL, 0x000, 0, 0 },
	{ 0x040980UL, 0x000, 0, 0 },
	{ 0x040980UL, 0x000, 0, 0 },
	{ 0x040980UL, 0x000, 0, 0 },
	{ 0x040980UL, 0x000, 0, 0 },
	{ 0x040980UL, 0x000, 0, 0 },
	{ 0x040980UL, 0x000, 0, 0 },
	{ 0x040980UL, 0x000, 0, 0 },
	{ 0x040980UL, 0x000, 0, 0 },
	{ 0x04C800UL, 0x000, 0, 0 },
	{ 0x04C820UL, 0x000, 0, 0 },
	{ 0x04C840UL, 0x000, 0, 0 },
	{ 0x04C860UL, 0x000, 0, 0 },
	{ 0x04C880UL, 0x000, 0, 0 },
	{ 0x04C8A0UL, 0x000, 0, 0 },
	{ 0x04C8C0UL, 0x000, 0, 0 },
	{ 0x04C8E0UL, 0x000, 0, 0 },
	{ 0x04C900UL, 0x000, 0, 0 },
	{ 0x04C920UL, 0x000, 0, 0 },
	{ 0x04C940UL, 0x000, 0, 0 },
	{ 0x04C960UL, 0x000, 0, 0 },
	{ 0x04C980UL, 0x000, 0, 0 },
	{ 0x04C9A0UL, 0x000, 0, 0 },
	{ 0x04C9C0UL, 0x000, 0, 0 },
	{ 0x04C9E0UL, 0x000, 0, 0 },
	{ 0x04CA00UL, 0x000, 0, 0 },
	{ 0x04CA20UL, 0x000, 0, 0 },
	{ 0x04CA40UL, 0x000, 0, 0 },
	{ 0x04CA60UL, 0x000, 0, 0 },
	{ 0x04CA80UL, 0x000, 0, 0 },
	{ 0x04CAA0UL, 0x000, 0, 0 },
	{ 0x04CAC0UL, 0x000, 0, 0 },
	{ 0x04CAE0UL, 0x000, 0, 0 },
	{ 0x04CB00UL, 0x000, 0, 0 },
	{ 0x04CB20UL, 0x000, 0, 0 },
	{ 0x04CB00UL, 0x000, 0, 0 },
	{ 0x04CB20UL, 0x000, 0, 0 },
	{ 0x04CB80UL, 0x000, 0, 0 },
	{ 0x04CBA0UL, 0x000, 0, 0 },
	{ 0x04CBC0UL, 0x000, 0, 0 },
	{ 0x044BE0UL, 0x000, 0, 0 },
	{ 0x04CC00UL, 0x000, 0, 0 },
	{ 0x04CC20UL, 0x000, 0, 0 },
	{ 0x04CC40UL, 0x000, 0, 0 },
	{ 0x04CC60UL, 0x000, 0, 0 },
	{ 0x044C80UL, 0x000, 0, 0 },
	{ 0x04CCA0UL, 0x000, 0, 0 },
	{ 0x04CCC0UL, 0x000, 0, 0 },
	{ 0x04CCE0UL, 0x000, 0, 0 },
	{ 0x010900UL, 0x000, 0, 0 },
	{ 0x010900UL, 0x000, 0, 0 },
	{ 0x010900UL, 0x000, 0, 0 },
	{ 0x010900UL, 0x000, 0, 0 },
	{ 0x010900UL, 0x000, 0, 0 },
	{ 0x010900UL, 0x000, 0, 0 },
	{ 0x010900UL, 0x000, 0, 0 },
	{ 0x010900UL, 0x000, 0, 0 },
	{ 0x04CE00UL, 0x000, 0, 0 },
	{ 0x04CE20UL, 0x000, 0, 0 },
	{ 0x04CE40UL, 0x000, 0, 0 },
	{ 0x04CE60UL, 0x000, 0, 0 },
	{ 0x04CE80UL, 0x000, 0, 0 },
	{ 0x04CEA0UL, 0x000, 0, 0 },
	{ 0x010900UL, 0x000, 0, 0 },
	{ 0x010900UL, 0x000, 0, 0 },
	{ 0x010900UL, 0x000, 0, 0 },
	{ 0x010900UL, 0x000, 0, 0 },
	{ 0x010900UL, 0x000, 0, 0 },
	{ 0x010900UL, 0x000, 0, 0 },
	{ 0x010900UL, 0x000, 0, 0 },
	{ 0x010900UL, 0x000, 0, 0 },
	{ 0x010900UL, 0x000, 0, 0 },
	{ 0x010900UL, 0x000, 0, 0 },
	{ 0x15F000UL, 0x000, 0, 0 },
	{ 0x15F020UL, 0x000, 0, 0 },
	{ 0x15F040UL, 0x000, 0, 0 },
	{ 0x15F060UL, 0x000, 0, 0 },
	{ 0x15F080UL, 0x000, 0, 0 },
	{ 0x15F0A0UL, 0x000, 0, 0 },
	{ 0x15F0C0UL, 0x000, 0, 0 },
	{ 0x15F0E0UL, 0x000, 0, 0 },
	{ 0x15F100UL, 0x000, 0, 0 },
	{ 0x15F120UL, 0x000, 0, 0 },
	{ 0x15F140UL, 0x000, 0, 0 },
	{ 0x15F160UL, 0x000, 0, 0 },
	{ 0x15F180UL, 0x000, 0, 0 },
	{ 0x15F1A0UL, 0x000, 0, 0 },
	{ 0x15F1C0UL, 0x000, 0, 0 },
	{ 0x15F1E0UL, 0x000, 0, 0 },
	{ 0x15F200UL, 0x000, 0, 0 },
	{ 0x15F220UL, 0x000, 0, 0 },
	{ 0x15F240UL, 0x000, 0, 0 },
	{ 0x15F260UL, 0x000, 0, 0 },
	{ 0x15F280UL, 0x000, 0, 0 },
	{ 0x15F2A0UL, 0x000, 0, 0 },
	{ 0x15F2C0UL, 0x000, 0, 0 },
	{ 0x15F2E0UL, 0x000, 0, 0 },
	{ 0x15F300UL, 0x000, 0, 0 },
	{ 0x15F320UL, 0x000, 0, 0 },
	{ 0x15F340UL, 0x000, 0, 0 },
	{ 0x15F360UL, 0x000, 0, 0 },
	{ 0x15F380UL, 0x000, 0, 0 },
	{ 0x15F3A0UL, 0x000, 0, 0 },
	{ 0x15F3C0UL, 0x000, 0, 0 },
	{ 0x15F3E0UL, 0x000, 0, 0 },
	{ 0x15F400UL, 0x000, 0, 0 },
	{ 0x15F420UL, 0x000, 0, 0 },
	{ 0x15F440UL, 0x000, 0, 0 },
	{ 0x15F460UL, 0x000, 0, 0 },
	{ 0x15F480UL, 0x000, 0, 0 },
	{ 0x15F4A0UL, 0x000, 0, 0 },
	{ 0x15F4C0UL, 0x000, 0, 0 },
	{ 0x15F4E0UL, 0x000, 0, 0 },
	{ 0x15F500UL, 0x000, 0, 0 },
	{ 0x15F520UL, 0x000, 0, 0 },
	{ 0x15F540UL, 0x000, 0, 0 },
	{ 0x15F560UL, 0x000, 0, 0 },
	{ 0x15F580UL, 0x000, 0, 0 },
	{ 0x15F5A0UL, 0x000, 0, 0 },
	{ 0x15F5C0UL, 0x000, 0, 0 },
	{ 0x15F5E0UL, 0x000, 0, 0 },
	{ 0x15F600UL, 0x000, 0, 0 },
	{ 0x15F620UL, 0x000, 0, 0 },
	{ 0x15F640UL, 0x000, 0, 0 },
	{ 0x15F660UL, 0x000, 0, 0 },
	{ 0x15F680UL, 0x000, 0, 0 },
	{ 0x15F6A0UL, 0x000, 0, 0 },
	{ 0x15F6C0UL, 0x000, 0, 0 },
	{ 0x15F6E0UL, 0x000, 0, 0 },
	{ 0x15F700UL, 0x000, 0, 0 },
	{ 0x15F720UL, 0x000, 0, 0 },
	{ 0x15F740UL, 0x000, 0, 0 },
	{ 0x15F760UL, 0x000, 0, 0 },
	{ 0x15F780UL, 0x000, 0, 0 },
	{ 0x15F7A0UL, 0x000, 0, 0 },
	{ 0x15F7C0UL, 0x000, 0, 0 },
	{ 0x15F7E0UL, 0x000, 0, 0 },
	{ 0x15F800UL, 0x000, 0, 0 },
	{ 0x15F820UL, 0x000, 0, 0 },
	{ 0x15F840UL, 0x000, 0, 0 },
	{ 0x15F860UL, 0x000, 0, 0 },
	{ 0x15F880UL, 0x000, 0, 0 },
	{ 0x15F8A0UL, 0x000, 0, 0 },
	{ 0x15F8C0UL, 0x000, 0, 0 },
	{ 0x15F8E0UL, 0x000, 0, 0 },
	{ 0x15F900UL, 0x000, 0, 0 },
	{ 0x15F920UL, 0x000, 0, 0 },
	{ 0x15F940UL, 0x000, 0, 0 },
	{ 0x15F960UL, 0x000, 0, 0 },
	{ 0x15F980UL, 0x000, 0, 0 },
	{ 0x15F9A0UL, 0x000, 0, 0 },
	{ 0x15F9C0UL, 0x000, 0, 0 },
	{ 0x15F9E0UL, 0x000, 0, 0 },
	{ 0x15FA00UL, 0x000, 0, 0 },
	{ 0x15FA20UL, 0x000, 0, 0 },
	{ 0x15FA40UL, 0x000, 0, 0 },
	{ 0x15FA60UL, 0x000, 0, 0 },
	{ 0x15FA80UL, 0x000, 0, 0 },
	{ 0x15FAA0UL, 0x000, 0, 0 },
	{ 0x15FAC0UL, 0x000, 0, 0 },
	{ 0x15FAE0UL, 0x000, 0, 0 },
	{ 0x15FB00UL, 0x000, 0, 0 },
	{ 0x15FB20UL, 0x000, 0, 0 },
	{ 0x15FB40UL, 0x000, 0, 0 },
	{ 0x15FB60UL, 0x000, 0, 0 },
	{ 0x15FB80UL, 0x000, 0, 0 },
	{ 0x15FBA0UL, 0x000, 0, 0 },
	{ 0x15FBC0UL, 0x000, 0, 0 },
	{ 0x15FBE0UL, 0x000, 0, 0 },
	{ 0x000E40UL, 0x000, 0, 0 },
	{ 0x00A3A0UL, 0x000, 0, 0 },
	{ 0x000E40UL, 0x000, 0, 0 },
	{ 0x00A3A0UL, 0x000, 0, 0 },
	{ 0x000E40UL, 0x000, 0, 0 },
	{ 0x00A3A0UL, 0x000, 0, 0 },
	{ 0x000E40UL, 0x000, 0, 0 },
	{ 0x00A3A0UL, 0x000, 0, 0 },
	{ 0x000E40UL, 0x000, 0, 0 },
	{ 0x00A3A0UL, 0x000, 0, 0 },
	{ 0x000E40UL, 0x000, 0, 0 },
	{ 0x00A3A0UL, 0x000, 0, 0 },
	{ 0x000E40UL, 0x000, 0, 0 },
	{ 0x00A3A0UL, 0x000, 0, 0 },
	{ 0x000E40UL, 0x000, 0, 0 },
	{ 0x00A3A0UL, 0x000, 0, 0 },
	{ 0x000E40UL, 0x000, 0, 0 },
	{ 0x00A3A0UL, 0x000, 0, 0 },
	{ 0x000E40UL, 0x000, 0, 0 },
	{ 0x00A3A0UL, 0x000, 0, 0 },
	{ 0x000E40UL, 0x000, 0, 0 },
	{ 0x00A3A0UL, 0x000, 0, 0 },
	{ 0x000E40UL, 0x000, 0, 0 },
	{ 0x00A3A0UL, 0x000, 0, 0 },
	{ 0x000E40UL, 0x000, 0, 0 },
	{ 0x00A3A0UL, 0x000, 0, 0 },
	{ 0x000E40UL, 0x000, 0, 0 },
	{ 0x00A3A0UL, 0x000, 0, 0 },
	{ 0x000E40UL, 0x000, 0, 0 },
	{ 0x00A3A0UL, 0x000, 0, 0 },
	{ 0x000E40UL, 0x000, 0, 0 },
	{ 0x00A3A0UL, 0x000, 0, 0 },
};

static const unsigned char BOWSER_REMAP[16] = {
    0x00,0x01,0x02,0x03,0x03,0x04,0x0B,0x0C,0x08,0x04,0x06,0x06,0x0D,0x07,0x06,0x06,
};

struct palrule { unsigned char kind, sel, nov, ov[16*3]; };
static const struct palrule PALRULES[16] = {
  {0,0,4,{0,142,5,5,240,15,6,160,14,7,0,11}},
  {0,1,9,{3,249,15,4,211,15,5,97,14,6,213,15,7,147,11,8,82,8,9,175,11,10,109,8,11,58,5}},
  {0,2,0,{0}},
  {0,3,0,{0}},
  {0,4,1,{8,0,0}},
  {0,5,0,{0}},
  {0,49,0,{0}},
  {0,7,0,{0}},
  {2,0,16,{0,142,5,1,255,15,2,34,2,3,239,12,4,174,8,5,174,8,6,185,15,7,64,12,8,0,6,9,116,1,10,150,3,11,167,4,12,201,6,13,218,7,14,112,1,15,146,3}},
  {1,0,0,{0}},
  {0,9,0,{0}},
  {0,10,0,{0}},
  {0,12,0,{0}},
  {0,13,0,{0}},
  {0,14,0,{0}},
  {0,3,0,{0}},
};

#endif /* A2VERA_BLOBS_H */
